dataset,backbone,mode,strategy,runs,params_M,time_per_epoch_s,peak_gpu_mb
neu-esc,phobert,mtl,sum,3,134.4,119.3,2765.0
neu-esc,phobert,st_sentiment,sum,3,134.4,119.1,2766.0
neu-esc,phobert,st_topic,sum,3,134.4,119.2,2765.0
neu-esc,visobert,mtl,gradnorm,3,97.0,433.9,3070.0
neu-esc,visobert,mtl,pcgrad,3,97.0,861.8,3765.0
neu-esc,visobert,mtl,smartemb,3,97.0,267.0,3760.0
neu-esc,visobert,mtl,sum,3,97.0,115.7,2542.0
neu-esc,visobert,mtl,unc,3,97.0,118.2,2542.0
neu-esc,visobert,st_sentiment,sum,3,97.0,115.2,2542.0
neu-esc,visobert,st_topic,sum,3,97.0,115.5,2542.0
neu-esc,xlmr,mtl,sum,3,277.5,174.6,5351.0
neu-esc,xlmr,st_sentiment,sum,3,277.5,174.1,5350.0
neu-esc,xlmr,st_topic,sum,3,277.5,174.3,5352.0
uit-vsfc,phobert,mtl,gradnorm,3,134.4,81.1,2620.0
uit-vsfc,phobert,mtl,pcgrad,3,134.4,162.2,3763.0
uit-vsfc,phobert,mtl,smartemb,3,134.4,64.6,2621.0
uit-vsfc,phobert,mtl,sum,3,134.4,39.2,2621.0
uit-vsfc,phobert,mtl,unc,3,134.4,39.4,2620.0
uit-vsfc,phobert,st_sentiment,sum,3,134.4,38.8,2621.0
uit-vsfc,phobert,st_topic,sum,3,134.4,38.8,2621.0
uit-vsfc,visobert,mtl,sum,3,97.0,37.1,1953.0
uit-vsfc,visobert,st_sentiment,sum,3,97.0,36.8,1953.0
uit-vsfc,visobert,st_topic,sum,3,97.0,36.7,1953.0
uit-vsfc,xlmr,mtl,sum,3,277.5,66.8,5335.0
uit-vsfc,xlmr,st_sentiment,sum,3,277.5,66.2,5335.0
uit-vsfc,xlmr,st_topic,sum,3,277.5,66.3,5335.0
