dataset,id,text,text_clean,text_seg
neu-esc,neu-esc-train-11443,chỉ nên học tknt bên đó thôi còn thiết kế đồ họa thì qua bách khoa đn học á ktnt ở ktruc đn đào tạo có tiếng luôn á .,chỉ nên học tknt bên đó thôi còn thiết kế đồ hoạ thì qua bách khoa đn học á ktnt ở ktruc đn đào tạo có tiếng luôn á .,chỉ nên học tknt bên đó thôi còn thiết_kế đồ hoạ thì qua bách_khoa đn học á_ktnt ở ktruc_đn đào_tạo có tiếng luôn á .
neu-esc,neu-esc-train-1781,công nhận là ăn vào thì ngon cái mồm tùy quán nhưng sau đấy thì . né nha mọi người vì tuổi thọ dài lâu .,công nhận là ăn vào thì ngon cái mồm tuỳ quán nhưng sau đấy thì . né nha mọi người vì tuổi thọ dài lâu .,công_nhận là ăn vào thì ngon cái mồm tuỳ_quán nhưng sau đấy thì . né nha mọi người vì tuổi_thọ dài lâu .
neu-esc,neu-esc-train-4624,áp lực lắm ạ . mình chỉ học master by research thai kỳ mẹ con khỏe mạnh khi sinh có bà ngoại hỗ trợ mà nghĩ lại những ngày vừa ôm con khóc trên tay vừa nghĩ hôm nay chưa viết được chữ nào đã trầm cảm trở lại rồi . bạn có thể hỗ trợ chăm sóc nhưng bạn không thể đoán trước được mẹ con sinh nở thế nào có khỏe mạnh không con có ngoan ngoãn không túm lại hãy để vợ bạn quyết định khi thực sự sẵn sàng .,áp lực lắm ạ . mình chỉ học master by research thai kỳ mẹ con khoẻ mạnh khi sinh có bà ngoại hỗ trợ mà nghĩ lại những ngày vừa ôm con khóc trên tay vừa nghĩ hôm nay chưa viết được chữ nào đã trầm cảm trở lại rồi . bạn có thể hỗ trợ chăm sóc nhưng bạn không thể đoán trước được mẹ con sinh nở thế nào có khoẻ mạnh không con có ngoan ngoãn không túm lại hãy để vợ bạn quyết định khi thực sự sẵn sàng .,áp_lực lắm ạ . mình chỉ học master by research thai_kỳ mẹ_con khoẻ mạnh khi sinh có bà ngoại hỗ_trợ mà nghĩ_lại những ngày vừa ôm con khóc trên tay vừa nghĩ hôm_nay chưa viết được chữ nào đã trầm_cảm trở_lại rồi . bạn có_thể hỗ_trợ chăm_sóc nhưng bạn không_thể đoán trước được mẹ_con sinh_nở thế_nào có khoẻ mạnh không con có ngoan_ngoãn không túm lại hãy để vợ bạn quyết_định khi thực_sự sẵn_sàng .
neu-esc,neu-esc-train-9499,phép admin điền form trọn bộ tài liệu ôn thi ielts . hsk acca chào tân sinh viên k sinh viên tư liệu yếu tố ảnh hưởng quyết định tham gia ngoại khóa sinh viên . form bao ngắn dạng trắc nghiệm xoay quanh mong em . hoàn thành form hội trọn bộ tài liệu ôn thi ielts hsk acca pt hữu ích đại học mình . điền form tài liệu gửi hoàn thành form nhé . link form chúc nha .,phép admin điền form trọn bộ tài liệu ôn thi ielts . hsk acca chào tân sinh viên k sinh viên tư liệu yếu tố ảnh hưởng quyết định tham gia ngoại khoá sinh viên . form bao ngắn dạng trắc nghiệm xoay quanh mong em . hoàn thành form hội trọn bộ tài liệu ôn thi ielts hsk acca pt hữu ích đại học mình . điền form tài liệu gửi hoàn thành form nhé . link form chúc nha .,phép admin điền_form trọn bộ tài_liệu ôn_thi ielts . hsk acca chào_tân sinh_viên k sinh_viên tư_liệu yếu_tố ảnh_hưởng quyết_định tham_gia ngoại_khoá sinh_viên . form bao ngắn dạng trắc_nghiệm xoay quanh mong em . hoàn_thành form_hội trọn bộ tài_liệu ôn_thi ielts hsk acca_pt hữu_ích đại_học mình . điền form tài_liệu gửi hoàn_thành form nhé . link form chúc nha .
neu-esc,neu-esc-train-18982,ngọc châu này là do mị châu hóa kiếp à .,ngọc châu này là do mị châu hoá kiếp à .,ngọc_châu này là do mị châu_hoá kiếp à .
neu-esc,neu-esc-train-14033,rau mua thuốc tiêu hóa táo bón nóng đêm lạnh cầm chăn mỏng thuốc muỗi muỗi mua soffell í mùi hoa hồng thơm nhắm quạt cầm mua quạt giấy không quầy móc quần áo mua màu với mọi người ổ khóa xíu khóa tủ đồ tủ không khóa . thẻ sinh viên dây đeo thẻ . sữa chua hoa ngon cơm trưa tối dở dở .,rau mua thuốc tiêu hoá táo bón nóng đêm lạnh cầm chăn mỏng thuốc muỗi muỗi mua soffell í mùi hoa hồng thơm nhắm quạt cầm mua quạt giấy không quầy móc quần áo mua màu với mọi người ổ khoá xíu khoá tủ đồ tủ không khoá . thẻ sinh viên dây đeo thẻ . sữa chua hoa ngon cơm trưa tối dở dở .,rau mua thuốc tiêu_hoá táo_bón nóng đêm lạnh cầm chăn mỏng thuốc muỗi muỗi mua soffell í mùi hoa_hồng thơm_nhắm quạt_cầm mua quạt giấy không quầy_móc quần_áo mua màu với mọi người ổ khoá_xíu khoá tủ_đồ tủ không khoá . thẻ sinh_viên dây đeo thẻ . sữa chua hoa ngon cơm trưa tối dở_dở .
neu-esc,neu-esc-train-21520,chia khoa nhi hô hấp tiêu hóa tim mạch . giường giấy phép hành nghề nhi . gọi hẳn syt được không tỉnh cập nhật gg huyện nội nhi xác định nhi combo ạ .,chia khoa nhi hô hấp tiêu hoá tim mạch . giường giấy phép hành nghề nhi . gọi hẳn syt được không tỉnh cập nhật gg huyện nội nhi xác định nhi combo ạ .,chia khoa nhi hô_hấp tiêu_hoá tim_mạch . giường giấy_phép hành_nghề nhi . gọi hẳn syt được không tỉnh cập_nhật gg huyện nội_nhi xác_định nhi combo ạ .
neu-esc,neu-esc-train-9949,cái còm trên là diễn đạt lại cái còm đó thôi . chẳng hiểu sao lại bị xóa bạn ạ .,cái còm trên là diễn đạt lại cái còm đó thôi . chẳng hiểu sao lại bị xoá bạn ạ .,cái còm trên là diễn_đạt lại cái còm đó thôi . chẳng hiểu sao lại bị xoá bạn ạ .
neu-esc,neu-esc-train-8610,lỡ hủy xong không đăng kí được ai nhả cho 1 môn cho đủ 11 tín với .,lỡ huỷ xong không đăng kí được ai nhả cho 1 môn cho đủ 11 tín với .,lỡ huỷ xong không đăng_kí được ai nhả cho 1 môn cho đủ 11 tín với .
neu-esc,neu-esc-train-22900,địt mẹ mới vô khóa rồi,địt mẹ mới vô khoá rồi,địt mẹ mới vô_khoá rồi
neu-esc,neu-esc-train-7313,gửi thằng hóa ạ .,gửi thằng hoá ạ .,gửi thằng hoá ạ .
neu-esc,neu-esc-train-21750,sh khóa cổ .,sh khoá cổ .,sh khoá cổ .
neu-esc,neu-esc-train-21999,lớp chuyên ngành trước mình học lớp 10 người vẫn không bị hủy .,lớp chuyên ngành trước mình học lớp 10 người vẫn không bị huỷ .,lớp chuyên_ngành trước mình học lớp 10 người vẫn không bị huỷ .
neu-esc,neu-esc-train-22739,mong admin duyệt chào mọi người hiện sinh viên . thắc mắc anh chị giải đáp giúp đi thực tập bank rồi . nghỉ đợt thực tập trường giấy giới thiệu . dấu xác thực tập dự định kỳ đi thực tập ảnh hưởng viết chuyên đề khóa luận ạ .,mong admin duyệt chào mọi người hiện sinh viên . thắc mắc anh chị giải đáp giúp đi thực tập bank rồi . nghỉ đợt thực tập trường giấy giới thiệu . dấu xác thực tập dự định kỳ đi thực tập ảnh hưởng viết chuyên đề khoá luận ạ .,mong admin duyệt chào mọi người hiện sinh_viên . thắc_mắc anh_chị giải_đáp giúp đi thực_tập bank rồi . nghỉ đợt thực_tập trường giấy giới_thiệu . dấu xác thực_tập dự_định_kỳ đi thực_tập ảnh_hưởng viết chuyên_đề khoá_luận ạ .
neu-esc,neu-esc-train-2903,nhưng không cần máy quá khỏe đâu . 1 con laptop win 7 xài ssd cũng đủ để sử dụng rồi .,nhưng không cần máy quá khoẻ đâu . 1 con laptop win 7 xài ssd cũng đủ để sử dụng rồi .,nhưng không cần máy quá khoẻ đâu . 1 con laptop win 7 xài ssd cũng đủ để sử_dụng rồi .
neu-esc,neu-esc-train-14425,em chào anh chị ạ . lúc sáng em đi sinh hoạt công dân mới biết đến vụ ngôn ngữ 2 trường mình nên còn một số băn khoăn mong được anh chị giải đáp ạ em muốn đăng kí học thêm ngôn ngữ 2 thì đăng kí ở phòng quản lý đào tạo đúng không ạ và hạn đăng ký là bao giờ thế ạ em là sinh viên hệ chất lượng cao thì bây giờ học thêm nn2 nghĩa là phải đóng thêm tiền học phí cho môn này đúng không ạ nếu có thì số tiền là bao nhiêu vậy ạ theo em biết thì năm đầu sinh viên sẽ được trường sắp xếp thời khóa biểu và không phải đăng kí tín nhưng đối với những bạn học thêm nn2 có phải tự đăng kí tín không ạ em rất mong được anh chị giải đáp những thắc mắc trên ạ em cảm ơn anh chị nhiều ạ .,em chào anh chị ạ . lúc sáng em đi sinh hoạt công dân mới biết đến vụ ngôn ngữ 2 trường mình nên còn một số băn khoăn mong được anh chị giải đáp ạ em muốn đăng kí học thêm ngôn ngữ 2 thì đăng kí ở phòng quản lý đào tạo đúng không ạ và hạn đăng ký là bao giờ thế ạ em là sinh viên hệ chất lượng cao thì bây giờ học thêm nn2 nghĩa là phải đóng thêm tiền học phí cho môn này đúng không ạ nếu có thì số tiền là bao nhiêu vậy ạ theo em biết thì năm đầu sinh viên sẽ được trường sắp xếp thời khoá biểu và không phải đăng kí tín nhưng đối với những bạn học thêm nn2 có phải tự đăng kí tín không ạ em rất mong được anh chị giải đáp những thắc mắc trên ạ em cảm ơn anh chị nhiều ạ .,em chào anh_chị ạ . lúc sáng em đi sinh_hoạt công_dân mới biết đến vụ ngôn_ngữ 2 trường mình nên còn một_số băn_khoăn mong được anh_chị giải_đáp ạ em muốn đăng_kí học thêm ngôn_ngữ 2 thì đăng_kí ở phòng quản_lý đào_tạo đúng không ạ và hạn đăng_ký là bao_giờ thế ạ em là sinh_viên hệ chất_lượng cao thì bây_giờ học thêm nn2 nghĩa_là phải đóng thêm tiền học_phí cho môn này đúng không ạ nếu có thì số tiền là bao_nhiêu vậy ạ theo em biết thì năm đầu sinh_viên sẽ được trường sắp_xếp thời khoá_biểu và không phải đăng_kí_tín nhưng đối_với những bạn học thêm nn2 có phải tự đăng_kí_tín không ạ em rất mong được anh_chị giải_đáp những thắc_mắc trên ạ em cảm_ơn anh_chị nhiều ạ .
neu-esc,neu-esc-train-524,ý bạn là gì còn tòa đấy c7 mới xây .,ý bạn là gì còn toà đấy c7 mới xây .,ý bạn là gì còn toà đấy c7 mới xây .
neu-esc,neu-esc-train-13512,lên xong là bữa trưa kịp tiêu hết luôn trường chăm sóc sức khỏe sinh viên như vầy là hợp lý rồi .,lên xong là bữa trưa kịp tiêu hết luôn trường chăm sóc sức khoẻ sinh viên như vầy là hợp lý rồi .,lên xong là bữa trưa kịp tiêu hết luôn trường chăm_sóc sức khoẻ sinh_viên như_vầy là hợp_lý rồi .
neu-esc,neu-esc-train-6778,không khỏe sinh thầy nghỉ thầy sota sinh viên mệt nghỉ đi quân mệt đầu học thực hành thôi . học đại học mệt tâm thân suốt lận đấy . xíu không quen được đứt gánh đường quá . tập quen đi bạn . trường không trường đồ ngon cơ sở vật chất thầy dạy sota mặt đấy ạ .,không khoẻ sinh thầy nghỉ thầy sota sinh viên mệt nghỉ đi quân mệt đầu học thực hành thôi . học đại học mệt tâm thân suốt lận đấy . xíu không quen được đứt gánh đường quá . tập quen đi bạn . trường không trường đồ ngon cơ sở vật chất thầy dạy sota mặt đấy ạ .,không khoẻ_sinh thầy nghỉ thầy sota sinh_viên mệt_nghỉ đi quân mệt_đầu học thực_hành thôi . học đại_học mệt_tâm_thân suốt lận đấy . xíu không quen được đứt gánh đường quá . tập quen đi bạn . trường không trường đồ ngon cơ_sở_vật_chất thầy dạy sota mặt đấy ạ .
neu-esc,neu-esc-train-1960,mọi người ạ . kì nghịch ngu tạch nhập môn ngành điện tra thời khóa biểu môn đăng ký được tín cảm ơn .,mọi người ạ . kì nghịch ngu tạch nhập môn ngành điện tra thời khoá biểu môn đăng ký được tín cảm ơn .,mọi người ạ . kì nghịch ngu tạch nhập_môn ngành điện_tra thời_khoá biểu_môn đăng_ký được tín cảm_ơn .
uit-vsfc,uit-vsfc-train-11144,"giảng viên nên bám sát tình hình học tập của lớp , tùy theo thời điểm để có những phương pháp tiếp cận sinh viên hợp lý hơn .","giảng viên nên bám sát tình hình học tập của lớp , tuỳ theo thời điểm để có những phương pháp tiếp cận sinh viên hợp lý hơn .","giảng_viên nên bám sát tình_hình học_tập của lớp , tuỳ theo thời_điểm để có những phương_pháp tiếp_cận sinh_viên hợp_lý hơn ."
uit-vsfc,uit-vsfc-train-1804,"thầy wzjwz81 là một giảng viên rất tâm huyết với sinh viên , thầy tận tình chỉ dạy tất cả những điều chúng em chưa rõ .","thầy nametoken là một giảng viên rất tâm huyết với sinh viên , thầy tận tình chỉ dạy tất cả những điều chúng em chưa rõ .","thầy nametoken là một giảng_viên rất tâm_huyết với sinh_viên , thầy tận_tình chỉ dạy tất_cả những điều chúng_em chưa rõ ."
uit-vsfc,uit-vsfc-train-4840,chúc thầy nhiều sức khỏe .,chúc thầy nhiều sức khoẻ .,chúc thầy nhiều sức khoẻ .
uit-vsfc,uit-vsfc-train-811,thầy wzjwz83 rất nhiệt huyết trong việc giảng dạy .,thầy nametoken rất nhiệt huyết trong việc giảng dạy .,thầy nametoken rất nhiệt_huyết trong việc giảng_dạy .
uit-vsfc,uit-vsfc-train-9547,"cô giảng bài dễ hiểu , vui tính , hòa đồng với sinh viên .","cô giảng bài dễ hiểu , vui tính , hoà đồng với sinh viên .","cô giảng_bài dễ hiểu , vui tính , hoà đồng với sinh_viên ."
uit-vsfc,uit-vsfc-train-9907,tóm lại thầy nên học một khóa về kỹ năng giao tiếp .,tóm lại thầy nên học một khoá về kỹ năng giao tiếp .,tóm_lại thầy nên học một khoá về kỹ_năng giao_tiếp .
uit-vsfc,uit-vsfc-train-4283,"giảng viên vui vẻ , hòa đồng với sinh viên , tạo cảm giác hứng thú học tập hơn .","giảng viên vui vẻ , hoà đồng với sinh viên , tạo cảm giác hứng thú học tập hơn .","giảng_viên vui_vẻ , hoà đồng với sinh_viên , tạo cảm_giác hứng_thú học_tập hơn ."
uit-vsfc,uit-vsfc-train-4028,nhiệt tình giảng dạy và vui vẻ hòa đồng .,nhiệt tình giảng dạy và vui vẻ hoà đồng .,nhiệt_tình giảng_dạy và vui_vẻ hoà đồng .
uit-vsfc,uit-vsfc-train-4549,"thầy giảng dạy nhiệt tình , tận tụy , tận tình hướng dẫn .","thầy giảng dạy nhiệt tình , tận tuỵ , tận tình hướng dẫn .","thầy giảng_dạy nhiệt_tình , tận tuỵ , tận_tình hướng_dẫn ."
uit-vsfc,uit-vsfc-train-4798,có liên hệ thực tiễn và lấy ví dụ minh họa .,có liên hệ thực tiễn và lấy ví dụ minh hoạ .,có liên_hệ thực_tiễn và lấy ví_dụ minh hoạ .
uit-vsfc,uit-vsfc-train-10880,"giảng viên cần phải nói rõ hơn , giới thiệu , phân tích , cho ví dụ minh họa .","giảng viên cần phải nói rõ hơn , giới thiệu , phân tích , cho ví dụ minh hoạ .","giảng_viên cần phải nói rõ hơn , giới_thiệu , phân_tích , cho ví_dụ minh hoạ ."
uit-vsfc,uit-vsfc-train-1712,"máy chiếu phòng wzjwz104 rất hay tắt , mở được một lúc là nóng quá rồi tắt , không sử dụng được nữa .","máy chiếu phòng nametoken rất hay tắt , mở được một lúc là nóng quá rồi tắt , không sử dụng được nữa .","máy chiếu phòng nametoken rất hay tắt , mở được một lúc là nóng quá rồi tắt , không sử_dụng được nữa ."
uit-vsfc,uit-vsfc-train-5426,"slide bài giảng chưa được chuẩn hóa , đa phần sao chép nhặt mỗi nơi một ít .","slide bài giảng chưa được chuẩn hoá , đa phần sao chép nhặt mỗi nơi một ít .","slide bài giảng chưa được chuẩn hoá , đa_phần sao_chép nhặt mỗi nơi một_ít ."
uit-vsfc,uit-vsfc-train-8704,thầy wzjwz265 không dạy lớp em một ngày nào .,thầy nametoken không dạy lớp em một ngày nào .,thầy nametoken không dạy lớp em một ngày nào .
uit-vsfc,uit-vsfc-train-1057,thầy bận công tác và thay giảng viên khác mà giảng viên đó dạy không tốt bằng thầy wzjwz292 làm chúng em rất khó nắm bắt kiến thức .,thầy bận công tác và thay giảng viên khác mà giảng viên đó dạy không tốt bằng thầy nametoken làm chúng em rất khó nắm bắt kiến thức .,thầy bận công_tác và thay giảng_viên khác mà giảng_viên đó dạy không tốt bằng thầy nametoken làm chúng_em rất khó nắm_bắt kiến_thức .
uit-vsfc,uit-vsfc-train-3703,"tinh thần trách nhiệm , nhiệt huyết , vui vẻ hòa đồng với sinh viên .","tinh thần trách nhiệm , nhiệt huyết , vui vẻ hoà đồng với sinh viên .","tinh_thần trách_nhiệm , nhiệt_huyết , vui_vẻ hoà_đồng với sinh_viên ."
uit-vsfc,uit-vsfc-train-7051,"thầy wzjwz201 dạy nhiệt tình , giảng dễ hiểu .","thầy nametoken dạy nhiệt tình , giảng dễ hiểu .","thầy nametoken dạy nhiệt_tình , giảng dễ hiểu ."
uit-vsfc,uit-vsfc-train-1736,"anh wzjwz278 như một người bạn vậy , rất gần gũi , thoải mái khi giao tiếp với sinh viên , kiến thức học được từ anh rất đầy đủ .","anh nametoken như một người bạn vậy , rất gần gũi , thoải mái khi giao tiếp với sinh viên , kiến thức học được từ anh rất đầy đủ .","anh nametoken như một người bạn vậy , rất gần_gũi , thoải_mái khi giao_tiếp với sinh_viên , kiến_thức học được từ anh rất đầy_đủ ."
uit-vsfc,uit-vsfc-train-256,"em không muốn nói gì nhưng mong thầy xem lại cách đánh giá sinh viên để công bằng hơn , cái sinh viên không biết không phải chỉ ở cúp tiết mà còn ở cách giảng dạy , truyền đạt ở giảng viên , ví dụ như cô wzjwz324 , rất dễ hiểu , tận tâm .","em không muốn nói gì nhưng mong thầy xem lại cách đánh giá sinh viên để công bằng hơn , cái sinh viên không biết không phải chỉ ở cúp tiết mà còn ở cách giảng dạy , truyền đạt ở giảng viên , ví dụ như cô nametoken , rất dễ hiểu , tận tâm .","em không muốn nói_gì nhưng mong thầy xem_lại cách đánh_giá sinh_viên để công_bằng hơn , cái sinh_viên không biết không phải chỉ ở cúp_tiết mà_còn ở cách giảng_dạy , truyền_đạt ở giảng_viên , ví_dụ như cô nametoken , rất dễ hiểu , tận tâm ."
uit-vsfc,uit-vsfc-train-7454,buổi học trước buổi cuối cùng cô wzjwz132 nói buổi sau đi học nhưng bạn nào không đi cũng được vì không có điểm danh nhưng sau đó thì không có người dạy và cũng không thông báo nghỉ .,buổi học trước buổi cuối cùng cô nametoken nói buổi sau đi học nhưng bạn nào không đi cũng được vì không có điểm danh nhưng sau đó thì không có người dạy và cũng không thông báo nghỉ .,buổi học trước buổi cuối_cùng cô nametoken nói buổi sau đi học nhưng bạn nào không đi cũng được vì không có điểm_danh nhưng sau đó thì không có người dạy và cũng không thông_báo nghỉ .
