block,model,Sent Acc,Sent mF1,Sent wF1,Topic Acc,Topic mF1,Topic wF1
Our reproduction,Single task XLM-R,93.22 ± 0.32,82.17 ± 1.19,92.94 ± 0.42,88.91 ± 0.29,79.81 ± 0.38,88.87 ± 0.30
Our reproduction,2-task XLM-R,93.54 ± 0.24,81.74 ± 0.69,93.17 ± 0.23,88.51 ± 0.47,78.98 ± 0.83,88.48 ± 0.51
Our reproduction,Single task ViSoBERT,92.78 ± 0.21,81.16 ± 0.48,92.56 ± 0.19,88.51 ± 0.46,79.17 ± 0.56,88.39 ± 0.31
Our reproduction,2-task ViSoBERT,92.75 ± 0.13,81.27 ± 0.25,92.53 ± 0.14,88.65 ± 0.59,79.37 ± 0.94,88.58 ± 0.55
Our reproduction,Single task PhoBERT,93.78 ± 0.11,82.64 ± 0.49*,93.49 ± 0.12,89.19 ± 0.45,80.06 ± 0.80,89.02 ± 0.38
Our reproduction,2-task PhoBERT,93.82 ± 0.54,82.08 ± 2.04,93.44 ± 0.64,88.78 ± 0.38,79.61 ± 0.82,88.69 ± 0.38
Ours (PhoBERT),MTL + SMART (embeddings),93.59 ± 0.28,81.42 ± 1.11,93.20 ± 0.30,89.21 ± 0.35,79.93 ± 0.28,89.03 ± 0.29
Ours (PhoBERT),MTL + uncertainty,93.91 ± 0.17,82.29 ± 0.53,93.51 ± 0.24,89.04 ± 0.28,80.04 ± 0.53,88.91 ± 0.28
Ours (PhoBERT),MTL + PCGrad,93.95 ± 0.24,82.35 ± 0.65,93.55 ± 0.32,89.33 ± 0.60*,80.16 ± 0.13,89.11 ± 0.39*
Ours (PhoBERT),MTL + GradNorm,94.04 ± 0.44*,82.39 ± 0.76,93.63 ± 0.46*,88.89 ± 0.14,80.00 ± 0.70,88.81 ± 0.24
Ours (PhoBERT),MTL sum + focal,93.59 ± 0.35,82.08 ± 0.82,93.31 ± 0.27,88.79 ± 0.55,79.77 ± 1.20,88.74 ± 0.58
Ours (PhoBERT),MTL sum + weighted CE,93.15 ± 0.28,81.51 ± 0.15,93.00 ± 0.17,88.45 ± 0.51,80.19 ± 0.53*,88.64 ± 0.34
