experiment,rq,priority,run_id,dataset,backbone,mode,tag,seed,keep_checkpoint,placeholder
e1_baseline,RQ1,Must,neu-esc__xlmr__st_sentiment__seed42__sum,neu-esc,xlmr,st_sentiment,sum,42,True,False
e1_baseline,RQ1,Must,neu-esc__xlmr__st_sentiment__seed123__sum,neu-esc,xlmr,st_sentiment,sum,123,True,False
e1_baseline,RQ1,Must,neu-esc__xlmr__st_sentiment__seed2026__sum,neu-esc,xlmr,st_sentiment,sum,2026,True,False
e1_baseline,RQ1,Must,neu-esc__xlmr__st_topic__seed42__sum,neu-esc,xlmr,st_topic,sum,42,False,False
e1_baseline,RQ1,Must,neu-esc__xlmr__st_topic__seed123__sum,neu-esc,xlmr,st_topic,sum,123,False,False
e1_baseline,RQ1,Must,neu-esc__xlmr__st_topic__seed2026__sum,neu-esc,xlmr,st_topic,sum,2026,False,False
e1_baseline,RQ1,Must,neu-esc__xlmr__mtl__seed42__sum,neu-esc,xlmr,mtl,sum,42,True,False
e1_baseline,RQ1,Must,neu-esc__xlmr__mtl__seed123__sum,neu-esc,xlmr,mtl,sum,123,True,False
e1_baseline,RQ1,Must,neu-esc__xlmr__mtl__seed2026__sum,neu-esc,xlmr,mtl,sum,2026,True,False
e1_baseline,RQ1,Must,neu-esc__visobert__st_sentiment__seed42__sum,neu-esc,visobert,st_sentiment,sum,42,True,False
e1_baseline,RQ1,Must,neu-esc__visobert__st_sentiment__seed123__sum,neu-esc,visobert,st_sentiment,sum,123,True,False
e1_baseline,RQ1,Must,neu-esc__visobert__st_sentiment__seed2026__sum,neu-esc,visobert,st_sentiment,sum,2026,True,False
e1_baseline,RQ1,Must,neu-esc__visobert__st_topic__seed42__sum,neu-esc,visobert,st_topic,sum,42,False,False
e1_baseline,RQ1,Must,neu-esc__visobert__st_topic__seed123__sum,neu-esc,visobert,st_topic,sum,123,False,False
e1_baseline,RQ1,Must,neu-esc__visobert__st_topic__seed2026__sum,neu-esc,visobert,st_topic,sum,2026,False,False
e1_baseline,RQ1,Must,neu-esc__visobert__mtl__seed42__sum,neu-esc,visobert,mtl,sum,42,True,False
e1_baseline,RQ1,Must,neu-esc__visobert__mtl__seed123__sum,neu-esc,visobert,mtl,sum,123,True,False
e1_baseline,RQ1,Must,neu-esc__visobert__mtl__seed2026__sum,neu-esc,visobert,mtl,sum,2026,True,False
e1_baseline,RQ1,Must,neu-esc__phobert__st_sentiment__seed42__sum,neu-esc,phobert,st_sentiment,sum,42,True,False
e1_baseline,RQ1,Must,neu-esc__phobert__st_sentiment__seed123__sum,neu-esc,phobert,st_sentiment,sum,123,True,False
e1_baseline,RQ1,Must,neu-esc__phobert__st_sentiment__seed2026__sum,neu-esc,phobert,st_sentiment,sum,2026,True,False
e1_baseline,RQ1,Must,neu-esc__phobert__st_topic__seed42__sum,neu-esc,phobert,st_topic,sum,42,False,False
e1_baseline,RQ1,Must,neu-esc__phobert__st_topic__seed123__sum,neu-esc,phobert,st_topic,sum,123,False,False
e1_baseline,RQ1,Must,neu-esc__phobert__st_topic__seed2026__sum,neu-esc,phobert,st_topic,sum,2026,False,False
e1_baseline,RQ1,Must,neu-esc__phobert__mtl__seed42__sum,neu-esc,phobert,mtl,sum,42,True,False
e1_baseline,RQ1,Must,neu-esc__phobert__mtl__seed123__sum,neu-esc,phobert,mtl,sum,123,True,False
e1_baseline,RQ1,Must,neu-esc__phobert__mtl__seed2026__sum,neu-esc,phobert,mtl,sum,2026,True,False
e1_baseline,RQ1,Must,uit-vsfc__xlmr__st_sentiment__seed42__sum,uit-vsfc,xlmr,st_sentiment,sum,42,True,False
e1_baseline,RQ1,Must,uit-vsfc__xlmr__st_sentiment__seed123__sum,uit-vsfc,xlmr,st_sentiment,sum,123,True,False
e1_baseline,RQ1,Must,uit-vsfc__xlmr__st_sentiment__seed2026__sum,uit-vsfc,xlmr,st_sentiment,sum,2026,True,False
e1_baseline,RQ1,Must,uit-vsfc__xlmr__st_topic__seed42__sum,uit-vsfc,xlmr,st_topic,sum,42,False,False
e1_baseline,RQ1,Must,uit-vsfc__xlmr__st_topic__seed123__sum,uit-vsfc,xlmr,st_topic,sum,123,False,False
e1_baseline,RQ1,Must,uit-vsfc__xlmr__st_topic__seed2026__sum,uit-vsfc,xlmr,st_topic,sum,2026,False,False
e1_baseline,RQ1,Must,uit-vsfc__xlmr__mtl__seed42__sum,uit-vsfc,xlmr,mtl,sum,42,True,False
e1_baseline,RQ1,Must,uit-vsfc__xlmr__mtl__seed123__sum,uit-vsfc,xlmr,mtl,sum,123,True,False
e1_baseline,RQ1,Must,uit-vsfc__xlmr__mtl__seed2026__sum,uit-vsfc,xlmr,mtl,sum,2026,True,False
e1_baseline,RQ1,Must,uit-vsfc__visobert__st_sentiment__seed42__sum,uit-vsfc,visobert,st_sentiment,sum,42,True,False
e1_baseline,RQ1,Must,uit-vsfc__visobert__st_sentiment__seed123__sum,uit-vsfc,visobert,st_sentiment,sum,123,True,False
e1_baseline,RQ1,Must,uit-vsfc__visobert__st_sentiment__seed2026__sum,uit-vsfc,visobert,st_sentiment,sum,2026,True,False
e1_baseline,RQ1,Must,uit-vsfc__visobert__st_topic__seed42__sum,uit-vsfc,visobert,st_topic,sum,42,False,False
e1_baseline,RQ1,Must,uit-vsfc__visobert__st_topic__seed123__sum,uit-vsfc,visobert,st_topic,sum,123,False,False
e1_baseline,RQ1,Must,uit-vsfc__visobert__st_topic__seed2026__sum,uit-vsfc,visobert,st_topic,sum,2026,False,False
e1_baseline,RQ1,Must,uit-vsfc__visobert__mtl__seed42__sum,uit-vsfc,visobert,mtl,sum,42,True,False
e1_baseline,RQ1,Must,uit-vsfc__visobert__mtl__seed123__sum,uit-vsfc,visobert,mtl,sum,123,True,False
e1_baseline,RQ1,Must,uit-vsfc__visobert__mtl__seed2026__sum,uit-vsfc,visobert,mtl,sum,2026,True,False
e1_baseline,RQ1,Must,uit-vsfc__phobert__st_sentiment__seed42__sum,uit-vsfc,phobert,st_sentiment,sum,42,True,False
e1_baseline,RQ1,Must,uit-vsfc__phobert__st_sentiment__seed123__sum,uit-vsfc,phobert,st_sentiment,sum,123,True,False
e1_baseline,RQ1,Must,uit-vsfc__phobert__st_sentiment__seed2026__sum,uit-vsfc,phobert,st_sentiment,sum,2026,True,False
e1_baseline,RQ1,Must,uit-vsfc__phobert__st_topic__seed42__sum,uit-vsfc,phobert,st_topic,sum,42,False,False
e1_baseline,RQ1,Must,uit-vsfc__phobert__st_topic__seed123__sum,uit-vsfc,phobert,st_topic,sum,123,False,False
e1_baseline,RQ1,Must,uit-vsfc__phobert__st_topic__seed2026__sum,uit-vsfc,phobert,st_topic,sum,2026,False,False
e1_baseline,RQ1,Must,uit-vsfc__phobert__mtl__seed42__sum,uit-vsfc,phobert,mtl,sum,42,True,False
e1_baseline,RQ1,Must,uit-vsfc__phobert__mtl__seed123__sum,uit-vsfc,phobert,mtl,sum,123,True,False
e1_baseline,RQ1,Must,uit-vsfc__phobert__mtl__seed2026__sum,uit-vsfc,phobert,mtl,sum,2026,True,False
e1b_smart_ref,RQ2,Should,neu-esc__xlmr__mtl__seed42__smartref,neu-esc,xlmr,mtl,smartref,42,False,False
e1b_smart_ref,RQ2,Should,neu-esc__xlmr__mtl__seed123__smartref,neu-esc,xlmr,mtl,smartref,123,False,False
e1b_smart_ref,RQ2,Should,neu-esc__xlmr__mtl__seed2026__smartref,neu-esc,xlmr,mtl,smartref,2026,False,False
e1b_smart_ref,RQ2,Should,neu-esc__visobert__mtl__seed42__smartref,neu-esc,visobert,mtl,smartref,42,False,False
e1b_smart_ref,RQ2,Should,neu-esc__visobert__mtl__seed123__smartref,neu-esc,visobert,mtl,smartref,123,False,False
e1b_smart_ref,RQ2,Should,neu-esc__visobert__mtl__seed2026__smartref,neu-esc,visobert,mtl,smartref,2026,False,False
e1b_smart_ref,RQ2,Should,neu-esc__phobert__mtl__seed42__smartref,neu-esc,phobert,mtl,smartref,42,False,False
e1b_smart_ref,RQ2,Should,neu-esc__phobert__mtl__seed123__smartref,neu-esc,phobert,mtl,smartref,123,False,False
e1b_smart_ref,RQ2,Should,neu-esc__phobert__mtl__seed2026__smartref,neu-esc,phobert,mtl,smartref,2026,False,False
e1b_smart_ref,RQ2,Should,uit-vsfc__xlmr__mtl__seed42__smartref,uit-vsfc,xlmr,mtl,smartref,42,False,False
e1b_smart_ref,RQ2,Should,uit-vsfc__xlmr__mtl__seed123__smartref,uit-vsfc,xlmr,mtl,smartref,123,False,False
e1b_smart_ref,RQ2,Should,uit-vsfc__xlmr__mtl__seed2026__smartref,uit-vsfc,xlmr,mtl,smartref,2026,False,False
e1b_smart_ref,RQ2,Should,uit-vsfc__visobert__mtl__seed42__smartref,uit-vsfc,visobert,mtl,smartref,42,False,False
e1b_smart_ref,RQ2,Should,uit-vsfc__visobert__mtl__seed123__smartref,uit-vsfc,visobert,mtl,smartref,123,False,False
e1b_smart_ref,RQ2,Should,uit-vsfc__visobert__mtl__seed2026__smartref,uit-vsfc,visobert,mtl,smartref,2026,False,False
e1b_smart_ref,RQ2,Should,uit-vsfc__phobert__mtl__seed42__smartref,uit-vsfc,phobert,mtl,smartref,42,False,False
e1b_smart_ref,RQ2,Should,uit-vsfc__phobert__mtl__seed123__smartref,uit-vsfc,phobert,mtl,smartref,123,False,False
e1b_smart_ref,RQ2,Should,uit-vsfc__phobert__mtl__seed2026__smartref,uit-vsfc,phobert,mtl,smartref,2026,False,False
e2_loss,RQ2,Should,neu-esc__visobert__mtl__seed42__unc,neu-esc,visobert,mtl,unc,42,False,False
e2_loss,RQ2,Should,neu-esc__visobert__mtl__seed123__unc,neu-esc,visobert,mtl,unc,123,False,False
e2_loss,RQ2,Should,neu-esc__visobert__mtl__seed2026__unc,neu-esc,visobert,mtl,unc,2026,False,False
e2_loss,RQ2,Should,neu-esc__visobert__mtl__seed42__pcgrad,neu-esc,visobert,mtl,pcgrad,42,False,False
e2_loss,RQ2,Should,neu-esc__visobert__mtl__seed123__pcgrad,neu-esc,visobert,mtl,pcgrad,123,False,False
e2_loss,RQ2,Should,neu-esc__visobert__mtl__seed2026__pcgrad,neu-esc,visobert,mtl,pcgrad,2026,False,False
e2_loss,RQ2,Should,neu-esc__visobert__mtl__seed42__smartemb,neu-esc,visobert,mtl,smartemb,42,False,False
e2_loss,RQ2,Should,neu-esc__visobert__mtl__seed123__smartemb,neu-esc,visobert,mtl,smartemb,123,False,False
e2_loss,RQ2,Should,neu-esc__visobert__mtl__seed2026__smartemb,neu-esc,visobert,mtl,smartemb,2026,False,False
e2_loss,RQ2,Should,neu-esc__visobert__mtl__seed42__gradnorm,neu-esc,visobert,mtl,gradnorm,42,False,False
e2_loss,RQ2,Should,neu-esc__visobert__mtl__seed123__gradnorm,neu-esc,visobert,mtl,gradnorm,123,False,False
e2_loss,RQ2,Should,neu-esc__visobert__mtl__seed2026__gradnorm,neu-esc,visobert,mtl,gradnorm,2026,False,False
e2_loss,RQ2,Should,uit-vsfc__phobert__mtl__seed42__unc,uit-vsfc,phobert,mtl,unc,42,False,False
e2_loss,RQ2,Should,uit-vsfc__phobert__mtl__seed123__unc,uit-vsfc,phobert,mtl,unc,123,False,False
e2_loss,RQ2,Should,uit-vsfc__phobert__mtl__seed2026__unc,uit-vsfc,phobert,mtl,unc,2026,False,False
e2_loss,RQ2,Should,uit-vsfc__phobert__mtl__seed42__pcgrad,uit-vsfc,phobert,mtl,pcgrad,42,False,False
e2_loss,RQ2,Should,uit-vsfc__phobert__mtl__seed123__pcgrad,uit-vsfc,phobert,mtl,pcgrad,123,False,False
e2_loss,RQ2,Should,uit-vsfc__phobert__mtl__seed2026__pcgrad,uit-vsfc,phobert,mtl,pcgrad,2026,False,False
e2_loss,RQ2,Should,uit-vsfc__phobert__mtl__seed42__smartemb,uit-vsfc,phobert,mtl,smartemb,42,False,False
e2_loss,RQ2,Should,uit-vsfc__phobert__mtl__seed123__smartemb,uit-vsfc,phobert,mtl,smartemb,123,False,False
e2_loss,RQ2,Should,uit-vsfc__phobert__mtl__seed2026__smartemb,uit-vsfc,phobert,mtl,smartemb,2026,False,False
e2_loss,RQ2,Should,uit-vsfc__phobert__mtl__seed42__gradnorm,uit-vsfc,phobert,mtl,gradnorm,42,False,False
e2_loss,RQ2,Should,uit-vsfc__phobert__mtl__seed123__gradnorm,uit-vsfc,phobert,mtl,gradnorm,123,False,False
e2_loss,RQ2,Should,uit-vsfc__phobert__mtl__seed2026__gradnorm,uit-vsfc,phobert,mtl,gradnorm,2026,False,False
e3_imbalance,RQ3,Must,neu-esc__visobert__mtl__seed42__sum-focal,neu-esc,visobert,mtl,sum-focal,42,False,False
e3_imbalance,RQ3,Must,neu-esc__visobert__mtl__seed123__sum-focal,neu-esc,visobert,mtl,sum-focal,123,False,False
e3_imbalance,RQ3,Must,neu-esc__visobert__mtl__seed2026__sum-focal,neu-esc,visobert,mtl,sum-focal,2026,False,False
e3_imbalance,RQ3,Must,neu-esc__visobert__st_sentiment__seed42__focal,neu-esc,visobert,st_sentiment,focal,42,False,False
e3_imbalance,RQ3,Must,neu-esc__visobert__st_sentiment__seed123__focal,neu-esc,visobert,st_sentiment,focal,123,False,False
e3_imbalance,RQ3,Must,neu-esc__visobert__st_sentiment__seed2026__focal,neu-esc,visobert,st_sentiment,focal,2026,False,False
e3_imbalance,RQ3,Must,neu-esc__visobert__st_topic__seed42__focal,neu-esc,visobert,st_topic,focal,42,False,False
e3_imbalance,RQ3,Must,neu-esc__visobert__st_topic__seed123__focal,neu-esc,visobert,st_topic,focal,123,False,False
e3_imbalance,RQ3,Must,neu-esc__visobert__st_topic__seed2026__focal,neu-esc,visobert,st_topic,focal,2026,False,False
e3_imbalance,RQ3,Should,neu-esc__visobert__mtl__seed42__sum-wce,neu-esc,visobert,mtl,sum-wce,42,False,False
e3_imbalance,RQ3,Should,neu-esc__visobert__mtl__seed123__sum-wce,neu-esc,visobert,mtl,sum-wce,123,False,False
e3_imbalance,RQ3,Should,neu-esc__visobert__mtl__seed2026__sum-wce,neu-esc,visobert,mtl,sum-wce,2026,False,False
e3_imbalance,RQ3,Should,neu-esc__visobert__st_sentiment__seed42__wce,neu-esc,visobert,st_sentiment,wce,42,False,False
e3_imbalance,RQ3,Should,neu-esc__visobert__st_sentiment__seed123__wce,neu-esc,visobert,st_sentiment,wce,123,False,False
e3_imbalance,RQ3,Should,neu-esc__visobert__st_sentiment__seed2026__wce,neu-esc,visobert,st_sentiment,wce,2026,False,False
e3_imbalance,RQ3,Should,neu-esc__visobert__st_topic__seed42__wce,neu-esc,visobert,st_topic,wce,42,False,False
e3_imbalance,RQ3,Should,neu-esc__visobert__st_topic__seed123__wce,neu-esc,visobert,st_topic,wce,123,False,False
e3_imbalance,RQ3,Should,neu-esc__visobert__st_topic__seed2026__wce,neu-esc,visobert,st_topic,wce,2026,False,False
e3_imbalance,RQ3,Must,uit-vsfc__phobert__mtl__seed42__sum-focal,uit-vsfc,phobert,mtl,sum-focal,42,False,False
e3_imbalance,RQ3,Must,uit-vsfc__phobert__mtl__seed123__sum-focal,uit-vsfc,phobert,mtl,sum-focal,123,False,False
e3_imbalance,RQ3,Must,uit-vsfc__phobert__mtl__seed2026__sum-focal,uit-vsfc,phobert,mtl,sum-focal,2026,False,False
e3_imbalance,RQ3,Must,uit-vsfc__phobert__st_sentiment__seed42__focal,uit-vsfc,phobert,st_sentiment,focal,42,False,False
e3_imbalance,RQ3,Must,uit-vsfc__phobert__st_sentiment__seed123__focal,uit-vsfc,phobert,st_sentiment,focal,123,False,False
e3_imbalance,RQ3,Must,uit-vsfc__phobert__st_sentiment__seed2026__focal,uit-vsfc,phobert,st_sentiment,focal,2026,False,False
e3_imbalance,RQ3,Must,uit-vsfc__phobert__st_topic__seed42__focal,uit-vsfc,phobert,st_topic,focal,42,False,False
e3_imbalance,RQ3,Must,uit-vsfc__phobert__st_topic__seed123__focal,uit-vsfc,phobert,st_topic,focal,123,False,False
e3_imbalance,RQ3,Must,uit-vsfc__phobert__st_topic__seed2026__focal,uit-vsfc,phobert,st_topic,focal,2026,False,False
e3_imbalance,RQ3,Should,uit-vsfc__phobert__mtl__seed42__sum-wce,uit-vsfc,phobert,mtl,sum-wce,42,False,False
e3_imbalance,RQ3,Should,uit-vsfc__phobert__mtl__seed123__sum-wce,uit-vsfc,phobert,mtl,sum-wce,123,False,False
e3_imbalance,RQ3,Should,uit-vsfc__phobert__mtl__seed2026__sum-wce,uit-vsfc,phobert,mtl,sum-wce,2026,False,False
e3_imbalance,RQ3,Should,uit-vsfc__phobert__st_sentiment__seed42__wce,uit-vsfc,phobert,st_sentiment,wce,42,False,False
e3_imbalance,RQ3,Should,uit-vsfc__phobert__st_sentiment__seed123__wce,uit-vsfc,phobert,st_sentiment,wce,123,False,False
e3_imbalance,RQ3,Should,uit-vsfc__phobert__st_sentiment__seed2026__wce,uit-vsfc,phobert,st_sentiment,wce,2026,False,False
e3_imbalance,RQ3,Should,uit-vsfc__phobert__st_topic__seed42__wce,uit-vsfc,phobert,st_topic,wce,42,False,False
e3_imbalance,RQ3,Should,uit-vsfc__phobert__st_topic__seed123__wce,uit-vsfc,phobert,st_topic,wce,123,False,False
e3_imbalance,RQ3,Should,uit-vsfc__phobert__st_topic__seed2026__wce,uit-vsfc,phobert,st_topic,wce,2026,False,False
e4_task_aware,RQ4,Must,neu-esc__visobert__mtlaware__seed42__sum,neu-esc,visobert,mtlaware,sum,42,True,False
e4_task_aware,RQ4,Must,neu-esc__visobert__mtlaware__seed123__sum,neu-esc,visobert,mtlaware,sum,123,True,False
e4_task_aware,RQ4,Must,neu-esc__visobert__mtlaware__seed2026__sum,neu-esc,visobert,mtlaware,sum,2026,True,False
e4_task_aware,RQ4,Must,uit-vsfc__phobert__mtlaware__seed42__sum,uit-vsfc,phobert,mtlaware,sum,42,True,False
e4_task_aware,RQ4,Must,uit-vsfc__phobert__mtlaware__seed123__sum,uit-vsfc,phobert,mtlaware,sum,123,True,False
e4_task_aware,RQ4,Must,uit-vsfc__phobert__mtlaware__seed2026__sum,uit-vsfc,phobert,mtlaware,sum,2026,True,False
e4b_direction,RQ4,Could,neu-esc__visobert__mtlaware__seed42__sum-cross_sent,neu-esc,visobert,mtlaware,sum-cross_sent,42,False,False
e4b_direction,RQ4,Could,neu-esc__visobert__mtlaware__seed123__sum-cross_sent,neu-esc,visobert,mtlaware,sum-cross_sent,123,False,False
e4b_direction,RQ4,Could,neu-esc__visobert__mtlaware__seed2026__sum-cross_sent,neu-esc,visobert,mtlaware,sum-cross_sent,2026,False,False
e4b_direction,RQ4,Could,neu-esc__visobert__mtlaware__seed42__sum-cross_topic,neu-esc,visobert,mtlaware,sum-cross_topic,42,False,False
e4b_direction,RQ4,Could,neu-esc__visobert__mtlaware__seed123__sum-cross_topic,neu-esc,visobert,mtlaware,sum-cross_topic,123,False,False
e4b_direction,RQ4,Could,neu-esc__visobert__mtlaware__seed2026__sum-cross_topic,neu-esc,visobert,mtlaware,sum-cross_topic,2026,False,False
e4b_direction,RQ4,Could,uit-vsfc__phobert__mtlaware__seed42__sum-cross_sent,uit-vsfc,phobert,mtlaware,sum-cross_sent,42,False,False
e4b_direction,RQ4,Could,uit-vsfc__phobert__mtlaware__seed123__sum-cross_sent,uit-vsfc,phobert,mtlaware,sum-cross_sent,123,False,False
e4b_direction,RQ4,Could,uit-vsfc__phobert__mtlaware__seed2026__sum-cross_sent,uit-vsfc,phobert,mtlaware,sum-cross_sent,2026,False,False
e4b_direction,RQ4,Could,uit-vsfc__phobert__mtlaware__seed42__sum-cross_topic,uit-vsfc,phobert,mtlaware,sum-cross_topic,42,False,False
e4b_direction,RQ4,Could,uit-vsfc__phobert__mtlaware__seed123__sum-cross_topic,uit-vsfc,phobert,mtlaware,sum-cross_topic,123,False,False
e4b_direction,RQ4,Could,uit-vsfc__phobert__mtlaware__seed2026__sum-cross_topic,uit-vsfc,phobert,mtlaware,sum-cross_topic,2026,False,False
e5_low_resource,RQ5,Could,neu-esc__visobert__st_sentiment__seed42__sum-frac0.1,neu-esc,visobert,st_sentiment,sum-frac0.1,42,False,False
e5_low_resource,RQ5,Could,neu-esc__visobert__st_sentiment__seed123__sum-frac0.1,neu-esc,visobert,st_sentiment,sum-frac0.1,123,False,False
e5_low_resource,RQ5,Could,neu-esc__visobert__st_sentiment__seed2026__sum-frac0.1,neu-esc,visobert,st_sentiment,sum-frac0.1,2026,False,False
e5_low_resource,RQ5,Could,neu-esc__visobert__st_topic__seed42__sum-frac0.1,neu-esc,visobert,st_topic,sum-frac0.1,42,False,False
e5_low_resource,RQ5,Could,neu-esc__visobert__st_topic__seed123__sum-frac0.1,neu-esc,visobert,st_topic,sum-frac0.1,123,False,False
e5_low_resource,RQ5,Could,neu-esc__visobert__st_topic__seed2026__sum-frac0.1,neu-esc,visobert,st_topic,sum-frac0.1,2026,False,False
e5_low_resource,RQ5,Could,neu-esc__visobert__mtl__seed42__sum-frac0.1,neu-esc,visobert,mtl,sum-frac0.1,42,False,False
e5_low_resource,RQ5,Could,neu-esc__visobert__mtl__seed123__sum-frac0.1,neu-esc,visobert,mtl,sum-frac0.1,123,False,False
e5_low_resource,RQ5,Could,neu-esc__visobert__mtl__seed2026__sum-frac0.1,neu-esc,visobert,mtl,sum-frac0.1,2026,False,False
e5_low_resource,RQ5,Could,neu-esc__visobert__mtlaware__seed42__sum-frac0.1,neu-esc,visobert,mtlaware,sum-frac0.1,42,False,False
e5_low_resource,RQ5,Could,neu-esc__visobert__mtlaware__seed123__sum-frac0.1,neu-esc,visobert,mtlaware,sum-frac0.1,123,False,False
e5_low_resource,RQ5,Could,neu-esc__visobert__mtlaware__seed2026__sum-frac0.1,neu-esc,visobert,mtlaware,sum-frac0.1,2026,False,False
e5_low_resource,RQ5,Could,neu-esc__visobert__st_sentiment__seed42__sum-frac0.25,neu-esc,visobert,st_sentiment,sum-frac0.25,42,False,False
e5_low_resource,RQ5,Could,neu-esc__visobert__st_sentiment__seed123__sum-frac0.25,neu-esc,visobert,st_sentiment,sum-frac0.25,123,False,False
e5_low_resource,RQ5,Could,neu-esc__visobert__st_sentiment__seed2026__sum-frac0.25,neu-esc,visobert,st_sentiment,sum-frac0.25,2026,False,False
e5_low_resource,RQ5,Could,neu-esc__visobert__st_topic__seed42__sum-frac0.25,neu-esc,visobert,st_topic,sum-frac0.25,42,False,False
e5_low_resource,RQ5,Could,neu-esc__visobert__st_topic__seed123__sum-frac0.25,neu-esc,visobert,st_topic,sum-frac0.25,123,False,False
e5_low_resource,RQ5,Could,neu-esc__visobert__st_topic__seed2026__sum-frac0.25,neu-esc,visobert,st_topic,sum-frac0.25,2026,False,False
e5_low_resource,RQ5,Could,neu-esc__visobert__mtl__seed42__sum-frac0.25,neu-esc,visobert,mtl,sum-frac0.25,42,False,False
e5_low_resource,RQ5,Could,neu-esc__visobert__mtl__seed123__sum-frac0.25,neu-esc,visobert,mtl,sum-frac0.25,123,False,False
e5_low_resource,RQ5,Could,neu-esc__visobert__mtl__seed2026__sum-frac0.25,neu-esc,visobert,mtl,sum-frac0.25,2026,False,False
e5_low_resource,RQ5,Could,neu-esc__visobert__mtlaware__seed42__sum-frac0.25,neu-esc,visobert,mtlaware,sum-frac0.25,42,False,False
e5_low_resource,RQ5,Could,neu-esc__visobert__mtlaware__seed123__sum-frac0.25,neu-esc,visobert,mtlaware,sum-frac0.25,123,False,False
e5_low_resource,RQ5,Could,neu-esc__visobert__mtlaware__seed2026__sum-frac0.25,neu-esc,visobert,mtlaware,sum-frac0.25,2026,False,False
e5_low_resource,RQ5,Could,neu-esc__visobert__st_sentiment__seed42__sum-frac0.5,neu-esc,visobert,st_sentiment,sum-frac0.5,42,False,False
e5_low_resource,RQ5,Could,neu-esc__visobert__st_sentiment__seed123__sum-frac0.5,neu-esc,visobert,st_sentiment,sum-frac0.5,123,False,False
e5_low_resource,RQ5,Could,neu-esc__visobert__st_sentiment__seed2026__sum-frac0.5,neu-esc,visobert,st_sentiment,sum-frac0.5,2026,False,False
e5_low_resource,RQ5,Could,neu-esc__visobert__st_topic__seed42__sum-frac0.5,neu-esc,visobert,st_topic,sum-frac0.5,42,False,False
e5_low_resource,RQ5,Could,neu-esc__visobert__st_topic__seed123__sum-frac0.5,neu-esc,visobert,st_topic,sum-frac0.5,123,False,False
e5_low_resource,RQ5,Could,neu-esc__visobert__st_topic__seed2026__sum-frac0.5,neu-esc,visobert,st_topic,sum-frac0.5,2026,False,False
e5_low_resource,RQ5,Could,neu-esc__visobert__mtl__seed42__sum-frac0.5,neu-esc,visobert,mtl,sum-frac0.5,42,False,False
e5_low_resource,RQ5,Could,neu-esc__visobert__mtl__seed123__sum-frac0.5,neu-esc,visobert,mtl,sum-frac0.5,123,False,False
e5_low_resource,RQ5,Could,neu-esc__visobert__mtl__seed2026__sum-frac0.5,neu-esc,visobert,mtl,sum-frac0.5,2026,False,False
e5_low_resource,RQ5,Could,neu-esc__visobert__mtlaware__seed42__sum-frac0.5,neu-esc,visobert,mtlaware,sum-frac0.5,42,False,False
e5_low_resource,RQ5,Could,neu-esc__visobert__mtlaware__seed123__sum-frac0.5,neu-esc,visobert,mtlaware,sum-frac0.5,123,False,False
e5_low_resource,RQ5,Could,neu-esc__visobert__mtlaware__seed2026__sum-frac0.5,neu-esc,visobert,mtlaware,sum-frac0.5,2026,False,False
e5_low_resource,RQ5,Could,uit-vsfc__phobert__st_sentiment__seed42__sum-frac0.1,uit-vsfc,phobert,st_sentiment,sum-frac0.1,42,False,False
e5_low_resource,RQ5,Could,uit-vsfc__phobert__st_sentiment__seed123__sum-frac0.1,uit-vsfc,phobert,st_sentiment,sum-frac0.1,123,False,False
e5_low_resource,RQ5,Could,uit-vsfc__phobert__st_sentiment__seed2026__sum-frac0.1,uit-vsfc,phobert,st_sentiment,sum-frac0.1,2026,False,False
e5_low_resource,RQ5,Could,uit-vsfc__phobert__st_topic__seed42__sum-frac0.1,uit-vsfc,phobert,st_topic,sum-frac0.1,42,False,False
e5_low_resource,RQ5,Could,uit-vsfc__phobert__st_topic__seed123__sum-frac0.1,uit-vsfc,phobert,st_topic,sum-frac0.1,123,False,False
e5_low_resource,RQ5,Could,uit-vsfc__phobert__st_topic__seed2026__sum-frac0.1,uit-vsfc,phobert,st_topic,sum-frac0.1,2026,False,False
e5_low_resource,RQ5,Could,uit-vsfc__phobert__mtl__seed42__sum-frac0.1,uit-vsfc,phobert,mtl,sum-frac0.1,42,False,False
e5_low_resource,RQ5,Could,uit-vsfc__phobert__mtl__seed123__sum-frac0.1,uit-vsfc,phobert,mtl,sum-frac0.1,123,False,False
e5_low_resource,RQ5,Could,uit-vsfc__phobert__mtl__seed2026__sum-frac0.1,uit-vsfc,phobert,mtl,sum-frac0.1,2026,False,False
e5_low_resource,RQ5,Could,uit-vsfc__phobert__mtlaware__seed42__sum-frac0.1,uit-vsfc,phobert,mtlaware,sum-frac0.1,42,False,False
e5_low_resource,RQ5,Could,uit-vsfc__phobert__mtlaware__seed123__sum-frac0.1,uit-vsfc,phobert,mtlaware,sum-frac0.1,123,False,False
e5_low_resource,RQ5,Could,uit-vsfc__phobert__mtlaware__seed2026__sum-frac0.1,uit-vsfc,phobert,mtlaware,sum-frac0.1,2026,False,False
e5_low_resource,RQ5,Could,uit-vsfc__phobert__st_sentiment__seed42__sum-frac0.25,uit-vsfc,phobert,st_sentiment,sum-frac0.25,42,False,False
e5_low_resource,RQ5,Could,uit-vsfc__phobert__st_sentiment__seed123__sum-frac0.25,uit-vsfc,phobert,st_sentiment,sum-frac0.25,123,False,False
e5_low_resource,RQ5,Could,uit-vsfc__phobert__st_sentiment__seed2026__sum-frac0.25,uit-vsfc,phobert,st_sentiment,sum-frac0.25,2026,False,False
e5_low_resource,RQ5,Could,uit-vsfc__phobert__st_topic__seed42__sum-frac0.25,uit-vsfc,phobert,st_topic,sum-frac0.25,42,False,False
e5_low_resource,RQ5,Could,uit-vsfc__phobert__st_topic__seed123__sum-frac0.25,uit-vsfc,phobert,st_topic,sum-frac0.25,123,False,False
e5_low_resource,RQ5,Could,uit-vsfc__phobert__st_topic__seed2026__sum-frac0.25,uit-vsfc,phobert,st_topic,sum-frac0.25,2026,False,False
e5_low_resource,RQ5,Could,uit-vsfc__phobert__mtl__seed42__sum-frac0.25,uit-vsfc,phobert,mtl,sum-frac0.25,42,False,False
e5_low_resource,RQ5,Could,uit-vsfc__phobert__mtl__seed123__sum-frac0.25,uit-vsfc,phobert,mtl,sum-frac0.25,123,False,False
e5_low_resource,RQ5,Could,uit-vsfc__phobert__mtl__seed2026__sum-frac0.25,uit-vsfc,phobert,mtl,sum-frac0.25,2026,False,False
e5_low_resource,RQ5,Could,uit-vsfc__phobert__mtlaware__seed42__sum-frac0.25,uit-vsfc,phobert,mtlaware,sum-frac0.25,42,False,False
e5_low_resource,RQ5,Could,uit-vsfc__phobert__mtlaware__seed123__sum-frac0.25,uit-vsfc,phobert,mtlaware,sum-frac0.25,123,False,False
e5_low_resource,RQ5,Could,uit-vsfc__phobert__mtlaware__seed2026__sum-frac0.25,uit-vsfc,phobert,mtlaware,sum-frac0.25,2026,False,False
e5_low_resource,RQ5,Could,uit-vsfc__phobert__st_sentiment__seed42__sum-frac0.5,uit-vsfc,phobert,st_sentiment,sum-frac0.5,42,False,False
e5_low_resource,RQ5,Could,uit-vsfc__phobert__st_sentiment__seed123__sum-frac0.5,uit-vsfc,phobert,st_sentiment,sum-frac0.5,123,False,False
e5_low_resource,RQ5,Could,uit-vsfc__phobert__st_sentiment__seed2026__sum-frac0.5,uit-vsfc,phobert,st_sentiment,sum-frac0.5,2026,False,False
e5_low_resource,RQ5,Could,uit-vsfc__phobert__st_topic__seed42__sum-frac0.5,uit-vsfc,phobert,st_topic,sum-frac0.5,42,False,False
e5_low_resource,RQ5,Could,uit-vsfc__phobert__st_topic__seed123__sum-frac0.5,uit-vsfc,phobert,st_topic,sum-frac0.5,123,False,False
e5_low_resource,RQ5,Could,uit-vsfc__phobert__st_topic__seed2026__sum-frac0.5,uit-vsfc,phobert,st_topic,sum-frac0.5,2026,False,False
e5_low_resource,RQ5,Could,uit-vsfc__phobert__mtl__seed42__sum-frac0.5,uit-vsfc,phobert,mtl,sum-frac0.5,42,False,False
e5_low_resource,RQ5,Could,uit-vsfc__phobert__mtl__seed123__sum-frac0.5,uit-vsfc,phobert,mtl,sum-frac0.5,123,False,False
e5_low_resource,RQ5,Could,uit-vsfc__phobert__mtl__seed2026__sum-frac0.5,uit-vsfc,phobert,mtl,sum-frac0.5,2026,False,False
e5_low_resource,RQ5,Could,uit-vsfc__phobert__mtlaware__seed42__sum-frac0.5,uit-vsfc,phobert,mtlaware,sum-frac0.5,42,False,False
e5_low_resource,RQ5,Could,uit-vsfc__phobert__mtlaware__seed123__sum-frac0.5,uit-vsfc,phobert,mtlaware,sum-frac0.5,123,False,False
e5_low_resource,RQ5,Could,uit-vsfc__phobert__mtlaware__seed2026__sum-frac0.5,uit-vsfc,phobert,mtlaware,sum-frac0.5,2026,False,False
e6_mlm,ablation,Could,neu-esc__visobert__mtlaware__seed42__sum-mlm,neu-esc,visobert,mtlaware,sum-mlm,42,False,False
e6_mlm,ablation,Could,neu-esc__visobert__mtlaware__seed123__sum-mlm,neu-esc,visobert,mtlaware,sum-mlm,123,False,False
e6_mlm,ablation,Could,neu-esc__visobert__mtlaware__seed2026__sum-mlm,neu-esc,visobert,mtlaware,sum-mlm,2026,False,False
e6_mlm,ablation,Could,uit-vsfc__phobert__mtlaware__seed42__sum-mlm,uit-vsfc,phobert,mtlaware,sum-mlm,42,False,False
e6_mlm,ablation,Could,uit-vsfc__phobert__mtlaware__seed123__sum-mlm,uit-vsfc,phobert,mtlaware,sum-mlm,123,False,False
e6_mlm,ablation,Could,uit-vsfc__phobert__mtlaware__seed2026__sum-mlm,uit-vsfc,phobert,mtlaware,sum-mlm,2026,False,False
e8_aware_smartref,RQ4,Could,neu-esc__visobert__mtlaware__seed42__smartref,neu-esc,visobert,mtlaware,smartref,42,False,False
e8_aware_smartref,RQ4,Could,neu-esc__visobert__mtlaware__seed123__smartref,neu-esc,visobert,mtlaware,smartref,123,False,False
e8_aware_smartref,RQ4,Could,neu-esc__visobert__mtlaware__seed2026__smartref,neu-esc,visobert,mtlaware,smartref,2026,False,False
e8_aware_smartref,RQ4,Could,neu-esc__phobert__mtlaware__seed42__smartref,neu-esc,phobert,mtlaware,smartref,42,False,False
e8_aware_smartref,RQ4,Could,neu-esc__phobert__mtlaware__seed123__smartref,neu-esc,phobert,mtlaware,smartref,123,False,False
e8_aware_smartref,RQ4,Could,neu-esc__phobert__mtlaware__seed2026__smartref,neu-esc,phobert,mtlaware,smartref,2026,False,False
e8_aware_smartref,RQ4,Could,neu-esc__phobert__mtlaware__seed42__sum,neu-esc,phobert,mtlaware,sum,42,False,False
e8_aware_smartref,RQ4,Could,neu-esc__phobert__mtlaware__seed123__sum,neu-esc,phobert,mtlaware,sum,123,False,False
e8_aware_smartref,RQ4,Could,neu-esc__phobert__mtlaware__seed2026__sum,neu-esc,phobert,mtlaware,sum,2026,False,False
e8_aware_smartref,RQ4,Could,uit-vsfc__phobert__mtlaware__seed42__smartref,uit-vsfc,phobert,mtlaware,smartref,42,False,False
e8_aware_smartref,RQ4,Could,uit-vsfc__phobert__mtlaware__seed123__smartref,uit-vsfc,phobert,mtlaware,smartref,123,False,False
e8_aware_smartref,RQ4,Could,uit-vsfc__phobert__mtlaware__seed2026__smartref,uit-vsfc,phobert,mtlaware,smartref,2026,False,False
