experiment,rq,priority,run_id,dataset,backbone,mode,tag,seed,keep_checkpoint,placeholder,status,models_dir,error,time_s,peak_gpu_mb,group
e1_baseline,RQ1,Must,neu-esc__xlmr__st_sentiment__seed42__sum,neu-esc,xlmr,st_sentiment,sum,42,True,False,done,C:\Users\ADMIN\Works\DPL_project\models,,1045.1487517356873,5340.37060546875,plain
e1_baseline,RQ1,Must,neu-esc__xlmr__st_sentiment__seed123__sum,neu-esc,xlmr,st_sentiment,sum,123,True,False,done,C:\Users\ADMIN\Works\DPL_project\models,,869.789395570755,5353.23779296875,plain
e1_baseline,RQ1,Must,neu-esc__xlmr__st_sentiment__seed2026__sum,neu-esc,xlmr,st_sentiment,sum,2026,True,False,done,C:\Users\ADMIN\Works\DPL_project\models,,1044.4436874389648,5356.21630859375,plain
e1_baseline,RQ1,Must,neu-esc__xlmr__st_topic__seed42__sum,neu-esc,xlmr,st_topic,sum,42,False,False,done,C:\Users\ADMIN\Works\DPL_project\models,,1395.2445857524872,5343.55078125,plain
e1_baseline,RQ1,Must,neu-esc__xlmr__st_topic__seed123__sum,neu-esc,xlmr,st_topic,sum,123,False,False,done,C:\Users\ADMIN\Works\DPL_project\models,,1394.5298442840576,5353.30859375,plain
e1_baseline,RQ1,Must,neu-esc__xlmr__st_topic__seed2026__sum,neu-esc,xlmr,st_topic,sum,2026,False,False,done,C:\Users\ADMIN\Works\DPL_project\models,,1741.2579658031464,5359.130859375,plain
e1_baseline,RQ1,Must,neu-esc__xlmr__mtl__seed42__sum,neu-esc,xlmr,mtl,sum,42,True,False,done,C:\Users\ADMIN\Works\DPL_project\models,,1395.4341838359833,5343.60107421875,plain
e1_baseline,RQ1,Must,neu-esc__xlmr__mtl__seed123__sum,neu-esc,xlmr,mtl,sum,123,True,False,done,C:\Users\ADMIN\Works\DPL_project\models,,1572.5266256332397,5353.35888671875,plain
e1_baseline,RQ1,Must,neu-esc__xlmr__mtl__seed2026__sum,neu-esc,xlmr,mtl,sum,2026,True,False,done,C:\Users\ADMIN\Works\DPL_project\models,,1396.3378031253815,5355.32080078125,plain
e1_baseline,RQ1,Must,neu-esc__visobert__st_sentiment__seed42__sum,neu-esc,visobert,st_sentiment,sum,42,True,False,done,C:\Users\ADMIN\Works\DPL_project\models,,804.7176525592804,2531.3193359375,plain
e1_baseline,RQ1,Must,neu-esc__visobert__st_sentiment__seed123__sum,neu-esc,visobert,st_sentiment,sum,123,True,False,done,C:\Users\ADMIN\Works\DPL_project\models,,578.0271925926208,2542.5693359375,plain
e1_baseline,RQ1,Must,neu-esc__visobert__st_sentiment__seed2026__sum,neu-esc,visobert,st_sentiment,sum,2026,True,False,done,C:\Users\ADMIN\Works\DPL_project\models,,1035.0079255104065,2550.8193359375,plain
e1_baseline,RQ1,Must,neu-esc__visobert__st_topic__seed42__sum,neu-esc,visobert,st_topic,sum,42,False,False,done,C:\Users\ADMIN\Works\DPL_project\models,,808.0531721115112,2531.14013671875,plain
e1_baseline,RQ1,Must,neu-esc__visobert__st_topic__seed123__sum,neu-esc,visobert,st_topic,sum,123,False,False,done,C:\Users\ADMIN\Works\DPL_project\models,,693.9260556697845,2542.64013671875,plain
e1_baseline,RQ1,Must,neu-esc__visobert__st_topic__seed2026__sum,neu-esc,visobert,st_topic,sum,2026,False,False,done,C:\Users\ADMIN\Works\DPL_project\models,,576.3674182891846,2550.89013671875,plain
e1_baseline,RQ1,Must,neu-esc__visobert__mtl__seed42__sum,neu-esc,visobert,mtl,sum,42,True,False,done,C:\Users\ADMIN\Works\DPL_project\models,,1155.8945999145508,2531.4404296875,plain
e1_baseline,RQ1,Must,neu-esc__visobert__mtl__seed123__sum,neu-esc,visobert,mtl,sum,123,True,False,done,C:\Users\ADMIN\Works\DPL_project\models,,1158.5818667411804,2542.6904296875,plain
e1_baseline,RQ1,Must,neu-esc__visobert__mtl__seed2026__sum,neu-esc,visobert,mtl,sum,2026,True,False,done,C:\Users\ADMIN\Works\DPL_project\models,,925.4999074935913,2550.9404296875,plain
e1_baseline,RQ1,Must,neu-esc__phobert__st_sentiment__seed42__sum,neu-esc,phobert,st_sentiment,sum,42,True,False,done,C:\Users\ADMIN\Works\DPL_project\models,,834.4118745326996,2761.52734375,plain
e1_baseline,RQ1,Must,neu-esc__phobert__st_sentiment__seed123__sum,neu-esc,phobert,st_sentiment,sum,123,True,False,done,C:\Users\ADMIN\Works\DPL_project\models,,596.0719571113586,2769.90234375,plain
e1_baseline,RQ1,Must,neu-esc__phobert__st_sentiment__seed2026__sum,neu-esc,phobert,st_sentiment,sum,2026,True,False,done,C:\Users\ADMIN\Works\DPL_project\models,,1189.827791929245,2767.21484375,plain
e1_baseline,RQ1,Must,neu-esc__phobert__st_topic__seed42__sum,neu-esc,phobert,st_topic,sum,42,False,False,done,C:\Users\ADMIN\Works\DPL_project\models,,834.590972661972,2756.97314453125,plain
e1_baseline,RQ1,Must,neu-esc__phobert__st_topic__seed123__sum,neu-esc,phobert,st_topic,sum,123,False,False,done,C:\Users\ADMIN\Works\DPL_project\models,,1072.8000493049622,2769.97314453125,plain
e1_baseline,RQ1,Must,neu-esc__phobert__st_topic__seed2026__sum,neu-esc,phobert,st_topic,sum,2026,False,False,done,C:\Users\ADMIN\Works\DPL_project\models,,1192.1760544776917,2767.28564453125,plain
e1_baseline,RQ1,Must,neu-esc__phobert__mtl__seed42__sum,neu-esc,phobert,mtl,sum,42,True,False,done,C:\Users\ADMIN\Works\DPL_project\models,,954.1988031864166,2757.0234375,plain
e1_baseline,RQ1,Must,neu-esc__phobert__mtl__seed123__sum,neu-esc,phobert,mtl,sum,123,True,False,done,C:\Users\ADMIN\Works\DPL_project\models,,1074.2680237293243,2770.0234375,plain
e1_baseline,RQ1,Must,neu-esc__phobert__mtl__seed2026__sum,neu-esc,phobert,mtl,sum,2026,True,False,done,C:\Users\ADMIN\Works\DPL_project\models,,1192.3948533535004,2767.3359375,plain
e1_baseline,RQ1,Must,uit-vsfc__xlmr__st_sentiment__seed42__sum,uit-vsfc,xlmr,st_sentiment,sum,42,True,False,done,C:\Users\ADMIN\Works\DPL_project\models,,397.9622359275818,5335.95361328125,plain
e1_baseline,RQ1,Must,uit-vsfc__xlmr__st_sentiment__seed123__sum,uit-vsfc,xlmr,st_sentiment,sum,123,True,False,done,C:\Users\ADMIN\Works\DPL_project\models,,596.4894020557404,5335.03759765625,plain
e1_baseline,RQ1,Must,uit-vsfc__xlmr__st_sentiment__seed2026__sum,uit-vsfc,xlmr,st_sentiment,sum,2026,True,False,done,C:\Users\ADMIN\Works\DPL_project\models,,396.23747086524963,5335.03759765625,plain
e1_baseline,RQ1,Must,uit-vsfc__xlmr__st_topic__seed42__sum,uit-vsfc,xlmr,st_topic,sum,42,False,False,done,C:\Users\ADMIN\Works\DPL_project\models,,464.47391414642334,5335.04931640625,plain
e1_baseline,RQ1,Must,uit-vsfc__xlmr__st_topic__seed123__sum,uit-vsfc,xlmr,st_topic,sum,123,False,False,done,C:\Users\ADMIN\Works\DPL_project\models,,595.8961265087128,5335.04931640625,plain
e1_baseline,RQ1,Must,uit-vsfc__xlmr__st_topic__seed2026__sum,uit-vsfc,xlmr,st_topic,sum,2026,False,False,done,C:\Users\ADMIN\Works\DPL_project\models,,663.8015277385712,5335.04931640625,plain
e1_baseline,RQ1,Must,uit-vsfc__xlmr__mtl__seed42__sum,uit-vsfc,xlmr,mtl,sum,42,True,False,done,C:\Users\ADMIN\Works\DPL_project\models,,663.5747785568237,5335.087890625,plain
e1_baseline,RQ1,Must,uit-vsfc__xlmr__mtl__seed123__sum,uit-vsfc,xlmr,mtl,sum,123,True,False,done,C:\Users\ADMIN\Works\DPL_project\models,,669.0968682765961,5335.087890625,plain
e1_baseline,RQ1,Must,uit-vsfc__xlmr__mtl__seed2026__sum,uit-vsfc,xlmr,mtl,sum,2026,True,False,done,C:\Users\ADMIN\Works\DPL_project\models,,671.0884912014008,5335.087890625,plain
e1_baseline,RQ1,Must,uit-vsfc__visobert__st_sentiment__seed42__sum,uit-vsfc,visobert,st_sentiment,sum,42,True,False,done,C:\Users\ADMIN\Works\DPL_project\models,,294.1426486968994,1952.6982421875,plain
e1_baseline,RQ1,Must,uit-vsfc__visobert__st_sentiment__seed123__sum,uit-vsfc,visobert,st_sentiment,sum,123,True,False,done,C:\Users\ADMIN\Works\DPL_project\models,,183.3947777748108,1954.4482421875,plain
e1_baseline,RQ1,Must,uit-vsfc__visobert__st_sentiment__seed2026__sum,uit-vsfc,visobert,st_sentiment,sum,2026,True,False,done,C:\Users\ADMIN\Works\DPL_project\models,,257.7624304294586,1952.4482421875,plain
e1_baseline,RQ1,Must,uit-vsfc__visobert__st_topic__seed42__sum,uit-vsfc,visobert,st_topic,sum,42,False,False,done,C:\Users\ADMIN\Works\DPL_project\models,,183.47015976905823,1952.7099609375,plain
e1_baseline,RQ1,Must,uit-vsfc__visobert__st_topic__seed123__sum,uit-vsfc,visobert,st_topic,sum,123,False,False,done,C:\Users\ADMIN\Works\DPL_project\models,,183.5144865512848,1952.4599609375,plain
e1_baseline,RQ1,Must,uit-vsfc__visobert__st_topic__seed2026__sum,uit-vsfc,visobert,st_topic,sum,2026,False,False,done,C:\Users\ADMIN\Works\DPL_project\models,,183.43648028373718,1952.4599609375,plain
e1_baseline,RQ1,Must,uit-vsfc__visobert__mtl__seed42__sum,uit-vsfc,visobert,mtl,sum,42,True,False,done,C:\Users\ADMIN\Works\DPL_project\models,,370.541494846344,1952.74853515625,plain
e1_baseline,RQ1,Must,uit-vsfc__visobert__mtl__seed123__sum,uit-vsfc,visobert,mtl,sum,123,True,False,done,C:\Users\ADMIN\Works\DPL_project\models,,184.92349076271057,1954.49853515625,plain
e1_baseline,RQ1,Must,uit-vsfc__visobert__mtl__seed2026__sum,uit-vsfc,visobert,mtl,sum,2026,True,False,done,C:\Users\ADMIN\Works\DPL_project\models,,259.8250148296356,1952.49853515625,plain
e1_baseline,RQ1,Must,uit-vsfc__phobert__st_sentiment__seed42__sum,uit-vsfc,phobert,st_sentiment,sum,42,True,False,done,C:\Users\ADMIN\Works\DPL_project\models,,386.8764338493347,2620.92529296875,plain
e1_baseline,RQ1,Must,uit-vsfc__phobert__st_sentiment__seed123__sum,uit-vsfc,phobert,st_sentiment,sum,123,True,False,done,C:\Users\ADMIN\Works\DPL_project\models,,193.69111919403076,2620.92529296875,plain
e1_baseline,RQ1,Must,uit-vsfc__phobert__st_sentiment__seed2026__sum,uit-vsfc,phobert,st_sentiment,sum,2026,True,False,done,C:\Users\ADMIN\Works\DPL_project\models,,311.48104071617126,2620.92529296875,plain
e1_baseline,RQ1,Must,uit-vsfc__phobert__st_topic__seed42__sum,uit-vsfc,phobert,st_topic,sum,42,False,False,done,C:\Users\ADMIN\Works\DPL_project\models,,232.92763137817383,2620.93701171875,plain
e1_baseline,RQ1,Must,uit-vsfc__phobert__st_topic__seed123__sum,uit-vsfc,phobert,st_topic,sum,123,False,False,done,C:\Users\ADMIN\Works\DPL_project\models,,348.97401428222656,2620.93701171875,plain
e1_baseline,RQ1,Must,uit-vsfc__phobert__st_topic__seed2026__sum,uit-vsfc,phobert,st_topic,sum,2026,False,False,done,C:\Users\ADMIN\Works\DPL_project\models,,233.03358149528503,2620.93701171875,plain
e1_baseline,RQ1,Must,uit-vsfc__phobert__mtl__seed42__sum,uit-vsfc,phobert,mtl,sum,42,True,False,done,C:\Users\ADMIN\Works\DPL_project\models,,395.6280994415283,2620.9755859375,plain
e1_baseline,RQ1,Must,uit-vsfc__phobert__mtl__seed123__sum,uit-vsfc,phobert,mtl,sum,123,True,False,done,C:\Users\ADMIN\Works\DPL_project\models,,194.6442174911499,2620.9755859375,plain
e1_baseline,RQ1,Must,uit-vsfc__phobert__mtl__seed2026__sum,uit-vsfc,phobert,mtl,sum,2026,True,False,done,C:\Users\ADMIN\Works\DPL_project\models,,274.5000445842743,2620.9755859375,plain
e1b_smart_ref,RQ2,Should,neu-esc__xlmr__mtl__seed42__smartref,neu-esc,xlmr,mtl,smartref,42,False,False,missing,,,,,smart
e1b_smart_ref,RQ2,Should,neu-esc__xlmr__mtl__seed123__smartref,neu-esc,xlmr,mtl,smartref,123,False,False,missing,,,,,smart
e1b_smart_ref,RQ2,Should,neu-esc__xlmr__mtl__seed2026__smartref,neu-esc,xlmr,mtl,smartref,2026,False,False,missing,,,,,smart
e1b_smart_ref,RQ2,Should,neu-esc__visobert__mtl__seed42__smartref,neu-esc,visobert,mtl,smartref,42,False,False,missing,,,,,smart
e1b_smart_ref,RQ2,Should,neu-esc__visobert__mtl__seed123__smartref,neu-esc,visobert,mtl,smartref,123,False,False,missing,,,,,smart
e1b_smart_ref,RQ2,Should,neu-esc__visobert__mtl__seed2026__smartref,neu-esc,visobert,mtl,smartref,2026,False,False,missing,,,,,smart
e1b_smart_ref,RQ2,Should,neu-esc__phobert__mtl__seed42__smartref,neu-esc,phobert,mtl,smartref,42,False,False,missing,,,,,smart
e1b_smart_ref,RQ2,Should,neu-esc__phobert__mtl__seed123__smartref,neu-esc,phobert,mtl,smartref,123,False,False,missing,,,,,smart
e1b_smart_ref,RQ2,Should,neu-esc__phobert__mtl__seed2026__smartref,neu-esc,phobert,mtl,smartref,2026,False,False,missing,,,,,smart
e1b_smart_ref,RQ2,Should,uit-vsfc__xlmr__mtl__seed42__smartref,uit-vsfc,xlmr,mtl,smartref,42,False,False,missing,,,,,smart
e1b_smart_ref,RQ2,Should,uit-vsfc__xlmr__mtl__seed123__smartref,uit-vsfc,xlmr,mtl,smartref,123,False,False,missing,,,,,smart
e1b_smart_ref,RQ2,Should,uit-vsfc__xlmr__mtl__seed2026__smartref,uit-vsfc,xlmr,mtl,smartref,2026,False,False,missing,,,,,smart
e1b_smart_ref,RQ2,Should,uit-vsfc__visobert__mtl__seed42__smartref,uit-vsfc,visobert,mtl,smartref,42,False,False,missing,,,,,smart
e1b_smart_ref,RQ2,Should,uit-vsfc__visobert__mtl__seed123__smartref,uit-vsfc,visobert,mtl,smartref,123,False,False,missing,,,,,smart
e1b_smart_ref,RQ2,Should,uit-vsfc__visobert__mtl__seed2026__smartref,uit-vsfc,visobert,mtl,smartref,2026,False,False,missing,,,,,smart
e1b_smart_ref,RQ2,Should,uit-vsfc__phobert__mtl__seed42__smartref,uit-vsfc,phobert,mtl,smartref,42,False,False,missing,,,,,smart
e1b_smart_ref,RQ2,Should,uit-vsfc__phobert__mtl__seed123__smartref,uit-vsfc,phobert,mtl,smartref,123,False,False,missing,,,,,smart
e1b_smart_ref,RQ2,Should,uit-vsfc__phobert__mtl__seed2026__smartref,uit-vsfc,phobert,mtl,smartref,2026,False,False,missing,,,,,smart
e2_loss,RQ2,Should,neu-esc__visobert__mtl__seed42__unc,neu-esc,visobert,mtl,unc,42,False,False,missing,,,,,plain
e2_loss,RQ2,Should,neu-esc__visobert__mtl__seed123__unc,neu-esc,visobert,mtl,unc,123,False,False,missing,,,,,plain
e2_loss,RQ2,Should,neu-esc__visobert__mtl__seed2026__unc,neu-esc,visobert,mtl,unc,2026,False,False,missing,,,,,plain
e2_loss,RQ2,Should,neu-esc__visobert__mtl__seed42__pcgrad,neu-esc,visobert,mtl,pcgrad,42,False,False,missing,,,,,pcgrad
e2_loss,RQ2,Should,neu-esc__visobert__mtl__seed123__pcgrad,neu-esc,visobert,mtl,pcgrad,123,False,False,missing,,,,,pcgrad
e2_loss,RQ2,Should,neu-esc__visobert__mtl__seed2026__pcgrad,neu-esc,visobert,mtl,pcgrad,2026,False,False,missing,,,,,pcgrad
e2_loss,RQ2,Should,neu-esc__visobert__mtl__seed42__smartemb,neu-esc,visobert,mtl,smartemb,42,False,False,missing,,,,,smart
e2_loss,RQ2,Should,neu-esc__visobert__mtl__seed123__smartemb,neu-esc,visobert,mtl,smartemb,123,False,False,missing,,,,,smart
e2_loss,RQ2,Should,neu-esc__visobert__mtl__seed2026__smartemb,neu-esc,visobert,mtl,smartemb,2026,False,False,missing,,,,,smart
e2_loss,RQ2,Should,neu-esc__visobert__mtl__seed42__gradnorm,neu-esc,visobert,mtl,gradnorm,42,False,False,missing,,,,,gradnorm
e2_loss,RQ2,Should,neu-esc__visobert__mtl__seed123__gradnorm,neu-esc,visobert,mtl,gradnorm,123,False,False,missing,,,,,gradnorm
e2_loss,RQ2,Should,neu-esc__visobert__mtl__seed2026__gradnorm,neu-esc,visobert,mtl,gradnorm,2026,False,False,missing,,,,,gradnorm
e2_loss,RQ2,Should,uit-vsfc__phobert__mtl__seed42__unc,uit-vsfc,phobert,mtl,unc,42,False,False,missing,,,,,plain
e2_loss,RQ2,Should,uit-vsfc__phobert__mtl__seed123__unc,uit-vsfc,phobert,mtl,unc,123,False,False,missing,,,,,plain
e2_loss,RQ2,Should,uit-vsfc__phobert__mtl__seed2026__unc,uit-vsfc,phobert,mtl,unc,2026,False,False,missing,,,,,plain
e2_loss,RQ2,Should,uit-vsfc__phobert__mtl__seed42__pcgrad,uit-vsfc,phobert,mtl,pcgrad,42,False,False,missing,,,,,pcgrad
e2_loss,RQ2,Should,uit-vsfc__phobert__mtl__seed123__pcgrad,uit-vsfc,phobert,mtl,pcgrad,123,False,False,missing,,,,,pcgrad
e2_loss,RQ2,Should,uit-vsfc__phobert__mtl__seed2026__pcgrad,uit-vsfc,phobert,mtl,pcgrad,2026,False,False,missing,,,,,pcgrad
e2_loss,RQ2,Should,uit-vsfc__phobert__mtl__seed42__smartemb,uit-vsfc,phobert,mtl,smartemb,42,False,False,missing,,,,,smart
e2_loss,RQ2,Should,uit-vsfc__phobert__mtl__seed123__smartemb,uit-vsfc,phobert,mtl,smartemb,123,False,False,missing,,,,,smart
e2_loss,RQ2,Should,uit-vsfc__phobert__mtl__seed2026__smartemb,uit-vsfc,phobert,mtl,smartemb,2026,False,False,missing,,,,,smart
e2_loss,RQ2,Should,uit-vsfc__phobert__mtl__seed42__gradnorm,uit-vsfc,phobert,mtl,gradnorm,42,False,False,missing,,,,,gradnorm
e2_loss,RQ2,Should,uit-vsfc__phobert__mtl__seed123__gradnorm,uit-vsfc,phobert,mtl,gradnorm,123,False,False,missing,,,,,gradnorm
e2_loss,RQ2,Should,uit-vsfc__phobert__mtl__seed2026__gradnorm,uit-vsfc,phobert,mtl,gradnorm,2026,False,False,missing,,,,,gradnorm
e3_imbalance,RQ3,Must,neu-esc__visobert__mtl__seed42__bestloss-focal,neu-esc,visobert,mtl,bestloss-focal,42,False,True,blocked,,,,,plain
e3_imbalance,RQ3,Must,neu-esc__visobert__mtl__seed123__bestloss-focal,neu-esc,visobert,mtl,bestloss-focal,123,False,True,blocked,,,,,plain
e3_imbalance,RQ3,Must,neu-esc__visobert__mtl__seed2026__bestloss-focal,neu-esc,visobert,mtl,bestloss-focal,2026,False,True,blocked,,,,,plain
e3_imbalance,RQ3,Must,neu-esc__visobert__st_sentiment__seed42__focal,neu-esc,visobert,st_sentiment,focal,42,False,False,missing,,,,,plain
e3_imbalance,RQ3,Must,neu-esc__visobert__st_sentiment__seed123__focal,neu-esc,visobert,st_sentiment,focal,123,False,False,missing,,,,,plain
e3_imbalance,RQ3,Must,neu-esc__visobert__st_sentiment__seed2026__focal,neu-esc,visobert,st_sentiment,focal,2026,False,False,missing,,,,,plain
e3_imbalance,RQ3,Must,neu-esc__visobert__st_topic__seed42__focal,neu-esc,visobert,st_topic,focal,42,False,False,missing,,,,,plain
e3_imbalance,RQ3,Must,neu-esc__visobert__st_topic__seed123__focal,neu-esc,visobert,st_topic,focal,123,False,False,missing,,,,,plain
e3_imbalance,RQ3,Must,neu-esc__visobert__st_topic__seed2026__focal,neu-esc,visobert,st_topic,focal,2026,False,False,missing,,,,,plain
e3_imbalance,RQ3,Should,neu-esc__visobert__mtl__seed42__bestloss-wce,neu-esc,visobert,mtl,bestloss-wce,42,False,True,blocked,,,,,plain
e3_imbalance,RQ3,Should,neu-esc__visobert__mtl__seed123__bestloss-wce,neu-esc,visobert,mtl,bestloss-wce,123,False,True,blocked,,,,,plain
e3_imbalance,RQ3,Should,neu-esc__visobert__mtl__seed2026__bestloss-wce,neu-esc,visobert,mtl,bestloss-wce,2026,False,True,blocked,,,,,plain
e3_imbalance,RQ3,Should,neu-esc__visobert__st_sentiment__seed42__wce,neu-esc,visobert,st_sentiment,wce,42,False,False,missing,,,,,plain
e3_imbalance,RQ3,Should,neu-esc__visobert__st_sentiment__seed123__wce,neu-esc,visobert,st_sentiment,wce,123,False,False,missing,,,,,plain
e3_imbalance,RQ3,Should,neu-esc__visobert__st_sentiment__seed2026__wce,neu-esc,visobert,st_sentiment,wce,2026,False,False,missing,,,,,plain
e3_imbalance,RQ3,Should,neu-esc__visobert__st_topic__seed42__wce,neu-esc,visobert,st_topic,wce,42,False,False,missing,,,,,plain
e3_imbalance,RQ3,Should,neu-esc__visobert__st_topic__seed123__wce,neu-esc,visobert,st_topic,wce,123,False,False,missing,,,,,plain
e3_imbalance,RQ3,Should,neu-esc__visobert__st_topic__seed2026__wce,neu-esc,visobert,st_topic,wce,2026,False,False,missing,,,,,plain
e3_imbalance,RQ3,Must,uit-vsfc__phobert__mtl__seed42__bestloss-focal,uit-vsfc,phobert,mtl,bestloss-focal,42,False,True,blocked,,,,,plain
e3_imbalance,RQ3,Must,uit-vsfc__phobert__mtl__seed123__bestloss-focal,uit-vsfc,phobert,mtl,bestloss-focal,123,False,True,blocked,,,,,plain
e3_imbalance,RQ3,Must,uit-vsfc__phobert__mtl__seed2026__bestloss-focal,uit-vsfc,phobert,mtl,bestloss-focal,2026,False,True,blocked,,,,,plain
e3_imbalance,RQ3,Must,uit-vsfc__phobert__st_sentiment__seed42__focal,uit-vsfc,phobert,st_sentiment,focal,42,False,False,missing,,,,,plain
e3_imbalance,RQ3,Must,uit-vsfc__phobert__st_sentiment__seed123__focal,uit-vsfc,phobert,st_sentiment,focal,123,False,False,missing,,,,,plain
e3_imbalance,RQ3,Must,uit-vsfc__phobert__st_sentiment__seed2026__focal,uit-vsfc,phobert,st_sentiment,focal,2026,False,False,missing,,,,,plain
e3_imbalance,RQ3,Must,uit-vsfc__phobert__st_topic__seed42__focal,uit-vsfc,phobert,st_topic,focal,42,False,False,missing,,,,,plain
e3_imbalance,RQ3,Must,uit-vsfc__phobert__st_topic__seed123__focal,uit-vsfc,phobert,st_topic,focal,123,False,False,missing,,,,,plain
e3_imbalance,RQ3,Must,uit-vsfc__phobert__st_topic__seed2026__focal,uit-vsfc,phobert,st_topic,focal,2026,False,False,missing,,,,,plain
e3_imbalance,RQ3,Should,uit-vsfc__phobert__mtl__seed42__bestloss-wce,uit-vsfc,phobert,mtl,bestloss-wce,42,False,True,blocked,,,,,plain
e3_imbalance,RQ3,Should,uit-vsfc__phobert__mtl__seed123__bestloss-wce,uit-vsfc,phobert,mtl,bestloss-wce,123,False,True,blocked,,,,,plain
e3_imbalance,RQ3,Should,uit-vsfc__phobert__mtl__seed2026__bestloss-wce,uit-vsfc,phobert,mtl,bestloss-wce,2026,False,True,blocked,,,,,plain
e3_imbalance,RQ3,Should,uit-vsfc__phobert__st_sentiment__seed42__wce,uit-vsfc,phobert,st_sentiment,wce,42,False,False,missing,,,,,plain
e3_imbalance,RQ3,Should,uit-vsfc__phobert__st_sentiment__seed123__wce,uit-vsfc,phobert,st_sentiment,wce,123,False,False,missing,,,,,plain
e3_imbalance,RQ3,Should,uit-vsfc__phobert__st_sentiment__seed2026__wce,uit-vsfc,phobert,st_sentiment,wce,2026,False,False,missing,,,,,plain
e3_imbalance,RQ3,Should,uit-vsfc__phobert__st_topic__seed42__wce,uit-vsfc,phobert,st_topic,wce,42,False,False,missing,,,,,plain
e3_imbalance,RQ3,Should,uit-vsfc__phobert__st_topic__seed123__wce,uit-vsfc,phobert,st_topic,wce,123,False,False,missing,,,,,plain
e3_imbalance,RQ3,Should,uit-vsfc__phobert__st_topic__seed2026__wce,uit-vsfc,phobert,st_topic,wce,2026,False,False,missing,,,,,plain
e4_task_aware,RQ4,Must,neu-esc__visobert__mtlaware__seed42__sum,neu-esc,visobert,mtlaware,sum,42,False,False,missing,,,,,plain
e4_task_aware,RQ4,Must,neu-esc__visobert__mtlaware__seed123__sum,neu-esc,visobert,mtlaware,sum,123,False,False,missing,,,,,plain
e4_task_aware,RQ4,Must,neu-esc__visobert__mtlaware__seed2026__sum,neu-esc,visobert,mtlaware,sum,2026,False,False,missing,,,,,plain
e4_task_aware,RQ4,Must,neu-esc__visobert__mtlaware__seed42__bestloss-bestimb,neu-esc,visobert,mtlaware,bestloss-bestimb,42,True,True,blocked,,,,,plain
e4_task_aware,RQ4,Must,neu-esc__visobert__mtlaware__seed123__bestloss-bestimb,neu-esc,visobert,mtlaware,bestloss-bestimb,123,True,True,blocked,,,,,plain
e4_task_aware,RQ4,Must,neu-esc__visobert__mtlaware__seed2026__bestloss-bestimb,neu-esc,visobert,mtlaware,bestloss-bestimb,2026,True,True,blocked,,,,,plain
e4_task_aware,RQ4,Must,uit-vsfc__phobert__mtlaware__seed42__sum,uit-vsfc,phobert,mtlaware,sum,42,False,False,missing,,,,,plain
e4_task_aware,RQ4,Must,uit-vsfc__phobert__mtlaware__seed123__sum,uit-vsfc,phobert,mtlaware,sum,123,False,False,missing,,,,,plain
e4_task_aware,RQ4,Must,uit-vsfc__phobert__mtlaware__seed2026__sum,uit-vsfc,phobert,mtlaware,sum,2026,False,False,missing,,,,,plain
e4_task_aware,RQ4,Must,uit-vsfc__phobert__mtlaware__seed42__bestloss-bestimb,uit-vsfc,phobert,mtlaware,bestloss-bestimb,42,True,True,blocked,,,,,plain
e4_task_aware,RQ4,Must,uit-vsfc__phobert__mtlaware__seed123__bestloss-bestimb,uit-vsfc,phobert,mtlaware,bestloss-bestimb,123,True,True,blocked,,,,,plain
e4_task_aware,RQ4,Must,uit-vsfc__phobert__mtlaware__seed2026__bestloss-bestimb,uit-vsfc,phobert,mtlaware,bestloss-bestimb,2026,True,True,blocked,,,,,plain
e4b_direction,RQ4,Could,neu-esc__visobert__mtlaware__seed42__sum-cross_sent,neu-esc,visobert,mtlaware,sum-cross_sent,42,False,False,missing,,,,,plain
e4b_direction,RQ4,Could,neu-esc__visobert__mtlaware__seed123__sum-cross_sent,neu-esc,visobert,mtlaware,sum-cross_sent,123,False,False,missing,,,,,plain
e4b_direction,RQ4,Could,neu-esc__visobert__mtlaware__seed2026__sum-cross_sent,neu-esc,visobert,mtlaware,sum-cross_sent,2026,False,False,missing,,,,,plain
e4b_direction,RQ4,Could,neu-esc__visobert__mtlaware__seed42__sum-cross_topic,neu-esc,visobert,mtlaware,sum-cross_topic,42,False,False,missing,,,,,plain
e4b_direction,RQ4,Could,neu-esc__visobert__mtlaware__seed123__sum-cross_topic,neu-esc,visobert,mtlaware,sum-cross_topic,123,False,False,missing,,,,,plain
e4b_direction,RQ4,Could,neu-esc__visobert__mtlaware__seed2026__sum-cross_topic,neu-esc,visobert,mtlaware,sum-cross_topic,2026,False,False,missing,,,,,plain
e4b_direction,RQ4,Could,uit-vsfc__phobert__mtlaware__seed42__sum-cross_sent,uit-vsfc,phobert,mtlaware,sum-cross_sent,42,False,False,missing,,,,,plain
e4b_direction,RQ4,Could,uit-vsfc__phobert__mtlaware__seed123__sum-cross_sent,uit-vsfc,phobert,mtlaware,sum-cross_sent,123,False,False,missing,,,,,plain
e4b_direction,RQ4,Could,uit-vsfc__phobert__mtlaware__seed2026__sum-cross_sent,uit-vsfc,phobert,mtlaware,sum-cross_sent,2026,False,False,missing,,,,,plain
e4b_direction,RQ4,Could,uit-vsfc__phobert__mtlaware__seed42__sum-cross_topic,uit-vsfc,phobert,mtlaware,sum-cross_topic,42,False,False,missing,,,,,plain
e4b_direction,RQ4,Could,uit-vsfc__phobert__mtlaware__seed123__sum-cross_topic,uit-vsfc,phobert,mtlaware,sum-cross_topic,123,False,False,missing,,,,,plain
e4b_direction,RQ4,Could,uit-vsfc__phobert__mtlaware__seed2026__sum-cross_topic,uit-vsfc,phobert,mtlaware,sum-cross_topic,2026,False,False,missing,,,,,plain
e5_low_resource,RQ5,Could,neu-esc__visobert__st_sentiment__seed42__sum-frac0.1,neu-esc,visobert,st_sentiment,sum-frac0.1,42,False,False,missing,,,,,plain
e5_low_resource,RQ5,Could,neu-esc__visobert__st_sentiment__seed123__sum-frac0.1,neu-esc,visobert,st_sentiment,sum-frac0.1,123,False,False,missing,,,,,plain
e5_low_resource,RQ5,Could,neu-esc__visobert__st_sentiment__seed2026__sum-frac0.1,neu-esc,visobert,st_sentiment,sum-frac0.1,2026,False,False,missing,,,,,plain
e5_low_resource,RQ5,Could,neu-esc__visobert__st_topic__seed42__sum-frac0.1,neu-esc,visobert,st_topic,sum-frac0.1,42,False,False,missing,,,,,plain
e5_low_resource,RQ5,Could,neu-esc__visobert__st_topic__seed123__sum-frac0.1,neu-esc,visobert,st_topic,sum-frac0.1,123,False,False,missing,,,,,plain
e5_low_resource,RQ5,Could,neu-esc__visobert__st_topic__seed2026__sum-frac0.1,neu-esc,visobert,st_topic,sum-frac0.1,2026,False,False,missing,,,,,plain
e5_low_resource,RQ5,Could,neu-esc__visobert__mtl__seed42__sum-frac0.1,neu-esc,visobert,mtl,sum-frac0.1,42,False,False,missing,,,,,plain
e5_low_resource,RQ5,Could,neu-esc__visobert__mtl__seed123__sum-frac0.1,neu-esc,visobert,mtl,sum-frac0.1,123,False,False,missing,,,,,plain
e5_low_resource,RQ5,Could,neu-esc__visobert__mtl__seed2026__sum-frac0.1,neu-esc,visobert,mtl,sum-frac0.1,2026,False,False,missing,,,,,plain
e5_low_resource,RQ5,Could,neu-esc__visobert__mtlaware__seed42__final-frac0.1,neu-esc,visobert,mtlaware,final-frac0.1,42,False,True,blocked,,,,,plain
e5_low_resource,RQ5,Could,neu-esc__visobert__mtlaware__seed123__final-frac0.1,neu-esc,visobert,mtlaware,final-frac0.1,123,False,True,blocked,,,,,plain
e5_low_resource,RQ5,Could,neu-esc__visobert__mtlaware__seed2026__final-frac0.1,neu-esc,visobert,mtlaware,final-frac0.1,2026,False,True,blocked,,,,,plain
e5_low_resource,RQ5,Could,neu-esc__visobert__st_sentiment__seed42__sum-frac0.25,neu-esc,visobert,st_sentiment,sum-frac0.25,42,False,False,missing,,,,,plain
e5_low_resource,RQ5,Could,neu-esc__visobert__st_sentiment__seed123__sum-frac0.25,neu-esc,visobert,st_sentiment,sum-frac0.25,123,False,False,missing,,,,,plain
e5_low_resource,RQ5,Could,neu-esc__visobert__st_sentiment__seed2026__sum-frac0.25,neu-esc,visobert,st_sentiment,sum-frac0.25,2026,False,False,missing,,,,,plain
e5_low_resource,RQ5,Could,neu-esc__visobert__st_topic__seed42__sum-frac0.25,neu-esc,visobert,st_topic,sum-frac0.25,42,False,False,missing,,,,,plain
e5_low_resource,RQ5,Could,neu-esc__visobert__st_topic__seed123__sum-frac0.25,neu-esc,visobert,st_topic,sum-frac0.25,123,False,False,missing,,,,,plain
e5_low_resource,RQ5,Could,neu-esc__visobert__st_topic__seed2026__sum-frac0.25,neu-esc,visobert,st_topic,sum-frac0.25,2026,False,False,missing,,,,,plain
e5_low_resource,RQ5,Could,neu-esc__visobert__mtl__seed42__sum-frac0.25,neu-esc,visobert,mtl,sum-frac0.25,42,False,False,missing,,,,,plain
e5_low_resource,RQ5,Could,neu-esc__visobert__mtl__seed123__sum-frac0.25,neu-esc,visobert,mtl,sum-frac0.25,123,False,False,missing,,,,,plain
e5_low_resource,RQ5,Could,neu-esc__visobert__mtl__seed2026__sum-frac0.25,neu-esc,visobert,mtl,sum-frac0.25,2026,False,False,missing,,,,,plain
e5_low_resource,RQ5,Could,neu-esc__visobert__mtlaware__seed42__final-frac0.25,neu-esc,visobert,mtlaware,final-frac0.25,42,False,True,blocked,,,,,plain
e5_low_resource,RQ5,Could,neu-esc__visobert__mtlaware__seed123__final-frac0.25,neu-esc,visobert,mtlaware,final-frac0.25,123,False,True,blocked,,,,,plain
e5_low_resource,RQ5,Could,neu-esc__visobert__mtlaware__seed2026__final-frac0.25,neu-esc,visobert,mtlaware,final-frac0.25,2026,False,True,blocked,,,,,plain
e5_low_resource,RQ5,Could,neu-esc__visobert__st_sentiment__seed42__sum-frac0.5,neu-esc,visobert,st_sentiment,sum-frac0.5,42,False,False,missing,,,,,plain
e5_low_resource,RQ5,Could,neu-esc__visobert__st_sentiment__seed123__sum-frac0.5,neu-esc,visobert,st_sentiment,sum-frac0.5,123,False,False,missing,,,,,plain
e5_low_resource,RQ5,Could,neu-esc__visobert__st_sentiment__seed2026__sum-frac0.5,neu-esc,visobert,st_sentiment,sum-frac0.5,2026,False,False,missing,,,,,plain
e5_low_resource,RQ5,Could,neu-esc__visobert__st_topic__seed42__sum-frac0.5,neu-esc,visobert,st_topic,sum-frac0.5,42,False,False,missing,,,,,plain
e5_low_resource,RQ5,Could,neu-esc__visobert__st_topic__seed123__sum-frac0.5,neu-esc,visobert,st_topic,sum-frac0.5,123,False,False,missing,,,,,plain
e5_low_resource,RQ5,Could,neu-esc__visobert__st_topic__seed2026__sum-frac0.5,neu-esc,visobert,st_topic,sum-frac0.5,2026,False,False,missing,,,,,plain
e5_low_resource,RQ5,Could,neu-esc__visobert__mtl__seed42__sum-frac0.5,neu-esc,visobert,mtl,sum-frac0.5,42,False,False,missing,,,,,plain
e5_low_resource,RQ5,Could,neu-esc__visobert__mtl__seed123__sum-frac0.5,neu-esc,visobert,mtl,sum-frac0.5,123,False,False,missing,,,,,plain
e5_low_resource,RQ5,Could,neu-esc__visobert__mtl__seed2026__sum-frac0.5,neu-esc,visobert,mtl,sum-frac0.5,2026,False,False,missing,,,,,plain
e5_low_resource,RQ5,Could,neu-esc__visobert__mtlaware__seed42__final-frac0.5,neu-esc,visobert,mtlaware,final-frac0.5,42,False,True,blocked,,,,,plain
e5_low_resource,RQ5,Could,neu-esc__visobert__mtlaware__seed123__final-frac0.5,neu-esc,visobert,mtlaware,final-frac0.5,123,False,True,blocked,,,,,plain
e5_low_resource,RQ5,Could,neu-esc__visobert__mtlaware__seed2026__final-frac0.5,neu-esc,visobert,mtlaware,final-frac0.5,2026,False,True,blocked,,,,,plain
e5_low_resource,RQ5,Could,uit-vsfc__phobert__st_sentiment__seed42__sum-frac0.1,uit-vsfc,phobert,st_sentiment,sum-frac0.1,42,False,False,missing,,,,,plain
e5_low_resource,RQ5,Could,uit-vsfc__phobert__st_sentiment__seed123__sum-frac0.1,uit-vsfc,phobert,st_sentiment,sum-frac0.1,123,False,False,missing,,,,,plain
e5_low_resource,RQ5,Could,uit-vsfc__phobert__st_sentiment__seed2026__sum-frac0.1,uit-vsfc,phobert,st_sentiment,sum-frac0.1,2026,False,False,missing,,,,,plain
e5_low_resource,RQ5,Could,uit-vsfc__phobert__st_topic__seed42__sum-frac0.1,uit-vsfc,phobert,st_topic,sum-frac0.1,42,False,False,missing,,,,,plain
e5_low_resource,RQ5,Could,uit-vsfc__phobert__st_topic__seed123__sum-frac0.1,uit-vsfc,phobert,st_topic,sum-frac0.1,123,False,False,missing,,,,,plain
e5_low_resource,RQ5,Could,uit-vsfc__phobert__st_topic__seed2026__sum-frac0.1,uit-vsfc,phobert,st_topic,sum-frac0.1,2026,False,False,missing,,,,,plain
e5_low_resource,RQ5,Could,uit-vsfc__phobert__mtl__seed42__sum-frac0.1,uit-vsfc,phobert,mtl,sum-frac0.1,42,False,False,missing,,,,,plain
e5_low_resource,RQ5,Could,uit-vsfc__phobert__mtl__seed123__sum-frac0.1,uit-vsfc,phobert,mtl,sum-frac0.1,123,False,False,missing,,,,,plain
e5_low_resource,RQ5,Could,uit-vsfc__phobert__mtl__seed2026__sum-frac0.1,uit-vsfc,phobert,mtl,sum-frac0.1,2026,False,False,missing,,,,,plain
e5_low_resource,RQ5,Could,uit-vsfc__phobert__mtlaware__seed42__final-frac0.1,uit-vsfc,phobert,mtlaware,final-frac0.1,42,False,True,blocked,,,,,plain
e5_low_resource,RQ5,Could,uit-vsfc__phobert__mtlaware__seed123__final-frac0.1,uit-vsfc,phobert,mtlaware,final-frac0.1,123,False,True,blocked,,,,,plain
e5_low_resource,RQ5,Could,uit-vsfc__phobert__mtlaware__seed2026__final-frac0.1,uit-vsfc,phobert,mtlaware,final-frac0.1,2026,False,True,blocked,,,,,plain
e5_low_resource,RQ5,Could,uit-vsfc__phobert__st_sentiment__seed42__sum-frac0.25,uit-vsfc,phobert,st_sentiment,sum-frac0.25,42,False,False,missing,,,,,plain
e5_low_resource,RQ5,Could,uit-vsfc__phobert__st_sentiment__seed123__sum-frac0.25,uit-vsfc,phobert,st_sentiment,sum-frac0.25,123,False,False,missing,,,,,plain
e5_low_resource,RQ5,Could,uit-vsfc__phobert__st_sentiment__seed2026__sum-frac0.25,uit-vsfc,phobert,st_sentiment,sum-frac0.25,2026,False,False,missing,,,,,plain
e5_low_resource,RQ5,Could,uit-vsfc__phobert__st_topic__seed42__sum-frac0.25,uit-vsfc,phobert,st_topic,sum-frac0.25,42,False,False,missing,,,,,plain
e5_low_resource,RQ5,Could,uit-vsfc__phobert__st_topic__seed123__sum-frac0.25,uit-vsfc,phobert,st_topic,sum-frac0.25,123,False,False,missing,,,,,plain
e5_low_resource,RQ5,Could,uit-vsfc__phobert__st_topic__seed2026__sum-frac0.25,uit-vsfc,phobert,st_topic,sum-frac0.25,2026,False,False,missing,,,,,plain
e5_low_resource,RQ5,Could,uit-vsfc__phobert__mtl__seed42__sum-frac0.25,uit-vsfc,phobert,mtl,sum-frac0.25,42,False,False,missing,,,,,plain
e5_low_resource,RQ5,Could,uit-vsfc__phobert__mtl__seed123__sum-frac0.25,uit-vsfc,phobert,mtl,sum-frac0.25,123,False,False,missing,,,,,plain
e5_low_resource,RQ5,Could,uit-vsfc__phobert__mtl__seed2026__sum-frac0.25,uit-vsfc,phobert,mtl,sum-frac0.25,2026,False,False,missing,,,,,plain
e5_low_resource,RQ5,Could,uit-vsfc__phobert__mtlaware__seed42__final-frac0.25,uit-vsfc,phobert,mtlaware,final-frac0.25,42,False,True,blocked,,,,,plain
e5_low_resource,RQ5,Could,uit-vsfc__phobert__mtlaware__seed123__final-frac0.25,uit-vsfc,phobert,mtlaware,final-frac0.25,123,False,True,blocked,,,,,plain
e5_low_resource,RQ5,Could,uit-vsfc__phobert__mtlaware__seed2026__final-frac0.25,uit-vsfc,phobert,mtlaware,final-frac0.25,2026,False,True,blocked,,,,,plain
e5_low_resource,RQ5,Could,uit-vsfc__phobert__st_sentiment__seed42__sum-frac0.5,uit-vsfc,phobert,st_sentiment,sum-frac0.5,42,False,False,missing,,,,,plain
e5_low_resource,RQ5,Could,uit-vsfc__phobert__st_sentiment__seed123__sum-frac0.5,uit-vsfc,phobert,st_sentiment,sum-frac0.5,123,False,False,missing,,,,,plain
e5_low_resource,RQ5,Could,uit-vsfc__phobert__st_sentiment__seed2026__sum-frac0.5,uit-vsfc,phobert,st_sentiment,sum-frac0.5,2026,False,False,missing,,,,,plain
e5_low_resource,RQ5,Could,uit-vsfc__phobert__st_topic__seed42__sum-frac0.5,uit-vsfc,phobert,st_topic,sum-frac0.5,42,False,False,missing,,,,,plain
e5_low_resource,RQ5,Could,uit-vsfc__phobert__st_topic__seed123__sum-frac0.5,uit-vsfc,phobert,st_topic,sum-frac0.5,123,False,False,missing,,,,,plain
e5_low_resource,RQ5,Could,uit-vsfc__phobert__st_topic__seed2026__sum-frac0.5,uit-vsfc,phobert,st_topic,sum-frac0.5,2026,False,False,missing,,,,,plain
e5_low_resource,RQ5,Could,uit-vsfc__phobert__mtl__seed42__sum-frac0.5,uit-vsfc,phobert,mtl,sum-frac0.5,42,False,False,missing,,,,,plain
e5_low_resource,RQ5,Could,uit-vsfc__phobert__mtl__seed123__sum-frac0.5,uit-vsfc,phobert,mtl,sum-frac0.5,123,False,False,missing,,,,,plain
e5_low_resource,RQ5,Could,uit-vsfc__phobert__mtl__seed2026__sum-frac0.5,uit-vsfc,phobert,mtl,sum-frac0.5,2026,False,False,missing,,,,,plain
e5_low_resource,RQ5,Could,uit-vsfc__phobert__mtlaware__seed42__final-frac0.5,uit-vsfc,phobert,mtlaware,final-frac0.5,42,False,True,blocked,,,,,plain
e5_low_resource,RQ5,Could,uit-vsfc__phobert__mtlaware__seed123__final-frac0.5,uit-vsfc,phobert,mtlaware,final-frac0.5,123,False,True,blocked,,,,,plain
e5_low_resource,RQ5,Could,uit-vsfc__phobert__mtlaware__seed2026__final-frac0.5,uit-vsfc,phobert,mtlaware,final-frac0.5,2026,False,True,blocked,,,,,plain
e6_mlm,ablation,Could,neu-esc__visobert__mtlaware__seed42__final-mlm,neu-esc,visobert,mtlaware,final-mlm,42,False,True,blocked,,,,,mlm
e6_mlm,ablation,Could,neu-esc__visobert__mtlaware__seed123__final-mlm,neu-esc,visobert,mtlaware,final-mlm,123,False,True,blocked,,,,,mlm
e6_mlm,ablation,Could,neu-esc__visobert__mtlaware__seed2026__final-mlm,neu-esc,visobert,mtlaware,final-mlm,2026,False,True,blocked,,,,,mlm
e6_mlm,ablation,Could,uit-vsfc__phobert__mtlaware__seed42__final-mlm,uit-vsfc,phobert,mtlaware,final-mlm,42,False,True,blocked,,,,,mlm
e6_mlm,ablation,Could,uit-vsfc__phobert__mtlaware__seed123__final-mlm,uit-vsfc,phobert,mtlaware,final-mlm,123,False,True,blocked,,,,,mlm
e6_mlm,ablation,Could,uit-vsfc__phobert__mtlaware__seed2026__final-mlm,uit-vsfc,phobert,mtlaware,final-mlm,2026,False,True,blocked,,,,,mlm
