rq,dataset,config_a,config_b,task,n_seeds,mcnemar_p,directions,mark,mcnemar,mf1_diff,ci_low,ci_high,share_gt_0
RQ1,neu-esc,neu-esc|phobert|st_sentiment|sum,neu-esc|phobert|mtl|sum,sentiment,3,"0.215, 0.121, 0.523","A better, B better, B better",,"0/3 seeds p<0.05, directions differ",0.0004613575027204349,-0.00750709651204734,0.00832600034303486,0.567
RQ1,neu-esc,neu-esc|phobert|st_topic|sum,neu-esc|phobert|mtl|sum,topic,3,"0.0299, 0.0152, 0.965","A better, B better, B better",,"2/3 seeds p<0.05, directions differ",-0.0032454285197778634,-0.011931832596723733,0.006066790664082751,0.224
RQ1,neu-esc,neu-esc|visobert|st_sentiment|sum,neu-esc|visobert|mtl|sum,sentiment,3,"0.964, 1, 0.963","B better, equal, B better",,"0/3 seeds p<0.05, directions differ",0.0011230992784194334,-0.005687624076887086,0.00785790475446398,0.62
RQ1,neu-esc,neu-esc|visobert|st_topic|sum,neu-esc|visobert|mtl|sum,topic,3,"0.759, 0.0479, 0.0427","B better, B better, A better",,"2/3 seeds p<0.05, directions differ",0.009278465035718941,-0.0007932133998078024,0.01978268393455971,0.956
RQ1,neu-esc,neu-esc|xlmr|st_sentiment|sum,neu-esc|xlmr|mtl|sum,sentiment,3,"0.559, 0.665, 0.114","B better, B better, B better",,0/3 seeds p<0.05,0.007154202059923749,-0.00047156498520773023,0.015694058056171134,0.967
RQ1,neu-esc,neu-esc|xlmr|st_topic|sum,neu-esc|xlmr|mtl|sum,topic,3,"0.773, 0.599, 0.321","B better, A better, A better",,"0/3 seeds p<0.05, directions differ",-0.009434442962515907,-0.018703744780171453,-0.0007293943601045371,0.016
RQ2,neu-esc,neu-esc|visobert|mtl|sum,neu-esc|visobert|mtl|unc,sentiment,3,"0.418, 0.0125, 0.95","A better, B better, A better",,"1/3 seeds p<0.05, directions differ",-0.003598253983104945,-0.008552327967465813,0.0015907513196761903,0.083
RQ2,neu-esc,neu-esc|visobert|mtl|sum,neu-esc|visobert|mtl|unc,topic,3,"0.349, 0.0669, 0.487","A better, A better, A better",,0/3 seeds p<0.05,-0.0013122215344584243,-0.007328230989423308,0.004876357195128321,0.346
RQ2,neu-esc,neu-esc|visobert|mtl|sum,neu-esc|visobert|mtl|pcgrad,sentiment,3,"0.507, 0.0246, 0.912","B better, B better, B better",,1/3 seeds p<0.05,-0.0003403894276584977,-0.005960431289732555,0.006128150754568982,0.437
RQ2,neu-esc,neu-esc|visobert|mtl|sum,neu-esc|visobert|mtl|pcgrad,topic,3,"0.457, 0.85, 1","B better, B better, equal",,"0/3 seeds p<0.05, directions differ",-0.00017871043876941753,-0.007815669456381001,0.007176209023155782,0.486
RQ2,neu-esc,neu-esc|visobert|mtl|sum,neu-esc|visobert|mtl|smartemb,sentiment,3,"0.125, 0.26, 0.425","B better, B better, B better",,0/3 seeds p<0.05,0.003234574986981209,-0.0032071256695802267,0.009576049673314381,0.84
RQ2,neu-esc,neu-esc|visobert|mtl|sum,neu-esc|visobert|mtl|smartemb,topic,3,"0.0808, 1, 0.141","B better, A better, B better",,"0/3 seeds p<0.05, directions differ",6.155059153049407e-05,-0.007850941647996474,0.00800419188763744,0.511
RQ2,neu-esc,neu-esc|visobert|mtl|sum,neu-esc|visobert|mtl|gradnorm,sentiment,3,"0.0612, 0.00961, 0.535","B better, B better, A better",,"1/3 seeds p<0.05, directions differ",0.0005162323202942964,-0.0051472983462724125,0.0072660643229358135,0.576
RQ2,neu-esc,neu-esc|visobert|mtl|sum,neu-esc|visobert|mtl|gradnorm,topic,3,"0.13, 0.962, 0.387","B better, B better, B better",,0/3 seeds p<0.05,0.0017817360202997772,-0.005877953437253945,0.009605507310074136,0.664
RQ2,neu-esc,neu-esc|visobert|mtl|sum,neu-esc|visobert|mtl|smartref,sentiment,3,"0.00607, 0.000371, 0.00611","B better, B better, B better",†,3/3 seeds p<0.05,0.003291362341750722,-0.003914920901896192,0.010806753732090717,0.817
RQ2,neu-esc,neu-esc|visobert|mtl|sum,neu-esc|visobert|mtl|smartref,topic,3,"0.0163, 0.0336, 1.96e-06","B better, B better, B better",†,3/3 seeds p<0.05,0.0018498763180528528,-0.009103668589972141,0.012735163687628072,0.639
RQ2,neu-esc,neu-esc|visobert|mtl|smartref,neu-esc|visobert|mtl|smartemb,sentiment,3,"0.167, 0.00863, 0.0411","A better, A better, A better",,2/3 seeds p<0.05,-5.678735476951265e-05,-0.008039204099144626,0.008195822293536359,0.502
RQ2,neu-esc,neu-esc|visobert|mtl|smartref,neu-esc|visobert|mtl|smartemb,topic,3,"0.495, 0.024, 0.000429","A better, A better, A better",,2/3 seeds p<0.05,-0.0017883257265223589,-0.010966540056791886,0.007809010437886466,0.37
RQ3,neu-esc,neu-esc|visobert|mtl|sum,neu-esc|visobert|mtl|sum-focal,sentiment,3,"0.604, 0.0252, 0.472","B better, B better, A better",,"1/3 seeds p<0.05, directions differ",0.0020440730815597385,-0.003858806449286158,0.008329647566298564,0.752
RQ3,neu-esc,neu-esc|visobert|mtl|sum,neu-esc|visobert|mtl|sum-focal,topic,3,"0.649, 0.526, 0.805","B better, A better, B better",,"0/3 seeds p<0.05, directions differ",0.0007836239623266739,-0.007950720252778484,0.010308425608474253,0.575
RQ3,neu-esc,neu-esc|visobert|mtl|sum,neu-esc|visobert|mtl|sum-wce,sentiment,3,"4.62e-06, 1, 0.176","A better, B better, A better",,"1/3 seeds p<0.05, directions differ",-0.0038828224153995006,-0.00980074603329144,0.0019131376772132918,0.1
RQ3,neu-esc,neu-esc|visobert|mtl|sum,neu-esc|visobert|mtl|sum-wce,topic,3,"0.000128, 0.000606, 0.463","A better, A better, A better",,2/3 seeds p<0.05,-0.004562682544975827,-0.013479034008374633,0.004432011485221747,0.152
RQ3,neu-esc,neu-esc|visobert|st_sentiment|focal,neu-esc|visobert|mtl|sum-focal,sentiment,3,"0.814, 0.578, 0.821","B better, B better, B better",,0/3 seeds p<0.05,0.007868841717327787,0.0011605485213615763,0.014453683065186169,0.985
RQ3,neu-esc,neu-esc|visobert|st_topic|focal,neu-esc|visobert|mtl|sum-focal,topic,3,"0.125, 0.0366, 0.458","A better, B better, B better",,"1/3 seeds p<0.05, directions differ",0.005847235902459243,-0.004091570008273452,0.01611426726006762,0.891
RQ4,neu-esc,neu-esc|visobert|mtl|sum,neu-esc|visobert|mtlaware|sum,sentiment,3,"0.181, 0.693, 0.322","B better, B better, A better",,"0/3 seeds p<0.05, directions differ",0.0013760697196812943,-0.005709323234768698,0.008587113327579098,0.636
RQ4,neu-esc,neu-esc|visobert|mtl|sum,neu-esc|visobert|mtlaware|sum,topic,3,"0.399, 0.929, 0.0194","B better, A better, A better",,"1/3 seeds p<0.05, directions differ",0.0014732030646550005,-0.007945556654423744,0.01114995924597229,0.623
RQ5,neu-esc,neu-esc|visobert|st_sentiment|sum-frac0.1,neu-esc|visobert|mtl|sum-frac0.1,sentiment,3,"0.0313, 0.0806, 0.0569","A better, A better, A better",,1/3 seeds p<0.05,-0.009946903913596464,-0.01697484084354042,-0.0028761816342209048,0.002
RQ5,neu-esc,neu-esc|visobert|st_sentiment|sum-frac0.1,neu-esc|visobert|mtlaware|sum-frac0.1,sentiment,3,"0.572, 1, 1","B better, B better, equal",,"0/3 seeds p<0.05, directions differ",0.0049954758076741585,-0.0022628610962057835,0.012630472125093939,0.928
RQ5,neu-esc,neu-esc|visobert|st_topic|sum-frac0.1,neu-esc|visobert|mtl|sum-frac0.1,topic,3,"0.0792, 0.2, 0.524","B better, B better, B better",,0/3 seeds p<0.05,-0.0050232779317130145,-0.015263230738085231,0.004807995188277276,0.152
RQ5,neu-esc,neu-esc|visobert|st_topic|sum-frac0.1,neu-esc|visobert|mtlaware|sum-frac0.1,topic,3,"0.124, 0.439, 0.375","B better, A better, A better",,"0/3 seeds p<0.05, directions differ",-0.009642705955185163,-0.020020401668269072,8.7321171184472e-05,0.026
RQ5,neu-esc,neu-esc|visobert|st_sentiment|sum-frac0.25,neu-esc|visobert|mtl|sum-frac0.25,sentiment,3,"0.465, 0.832, 0.9","B better, A better, A better",,"0/3 seeds p<0.05, directions differ",-0.0025748540050870203,-0.009926378237620848,0.004557647538580328,0.249
RQ5,neu-esc,neu-esc|visobert|st_sentiment|sum-frac0.25,neu-esc|visobert|mtlaware|sum-frac0.25,sentiment,3,"0.0865, 0.0278, 0.0544","A better, A better, B better",,"1/3 seeds p<0.05, directions differ",-0.0031684380126166443,-0.009809020318375671,0.003608638312474235,0.173
RQ5,neu-esc,neu-esc|visobert|st_topic|sum-frac0.25,neu-esc|visobert|mtl|sum-frac0.25,topic,3,"0.0122, 0.214, 2.77e-06","B better, B better, B better",,2/3 seeds p<0.05,0.008144405724301085,-0.000489626938468099,0.01708016955161803,0.968
RQ5,neu-esc,neu-esc|visobert|st_topic|sum-frac0.25,neu-esc|visobert|mtlaware|sum-frac0.25,topic,3,"0.415, 0.505, 0.000114","A better, B better, B better",,"1/3 seeds p<0.05, directions differ",0.008052932197395668,-0.0011553110747897278,0.01712667663040792,0.955
RQ5,neu-esc,neu-esc|visobert|st_sentiment|sum-frac0.5,neu-esc|visobert|mtl|sum-frac0.5,sentiment,3,"0.888, 0.709, 0.634","A better, B better, B better",,"0/3 seeds p<0.05, directions differ",2.3881171877867164e-05,-0.007323253056164938,0.007492930714194823,0.48
RQ5,neu-esc,neu-esc|visobert|st_sentiment|sum-frac0.5,neu-esc|visobert|mtlaware|sum-frac0.5,sentiment,3,"0.614, 0.481, 0.572","B better, B better, A better",,"0/3 seeds p<0.05, directions differ",0.006162765678824382,-0.0004867057443939273,0.012800106088092147,0.963
RQ5,neu-esc,neu-esc|visobert|st_topic|sum-frac0.5,neu-esc|visobert|mtl|sum-frac0.5,topic,3,"0.636, 0.729, 0.7","B better, A better, A better",,"0/3 seeds p<0.05, directions differ",0.008594686674017452,0.000153642918480974,0.017110203224869464,0.976
RQ5,neu-esc,neu-esc|visobert|st_topic|sum-frac0.5,neu-esc|visobert|mtlaware|sum-frac0.5,topic,3,"0.736, 0.00439, 0.576","B better, A better, B better",,"1/3 seeds p<0.05, directions differ",0.003712433297552886,-0.0058682088649664,0.012906119186123144,0.789
RQ1,uit-vsfc,uit-vsfc|phobert|st_sentiment|sum,uit-vsfc|phobert|mtl|sum,sentiment,3,"0.155, 0.0204, 0.248","B better, A better, B better",,"1/3 seeds p<0.05, directions differ",-0.005583922057082691,-0.01620225381903618,0.003927680730356116,0.139
RQ1,uit-vsfc,uit-vsfc|phobert|st_topic|sum,uit-vsfc|phobert|mtl|sum,topic,3,"0.272, 0.498, 0.225","A better, A better, A better",,0/3 seeds p<0.05,-0.004534850239550507,-0.014901179503663438,0.006666002852064322,0.214
RQ1,uit-vsfc,uit-vsfc|visobert|st_sentiment|sum,uit-vsfc|visobert|mtl|sum,sentiment,3,"0.81, 0.712, 0.771","A better, A better, B better",,"0/3 seeds p<0.05, directions differ",0.0010471826147242884,-0.011038217664570794,0.012209307948321226,0.567
RQ1,uit-vsfc,uit-vsfc|visobert|st_topic|sum,uit-vsfc|visobert|mtl|sum,topic,3,"0.311, 0.0118, 1","A better, B better, equal",,"1/3 seeds p<0.05, directions differ",0.0019469541479152364,-0.008713037632844946,0.011286453868426628,0.623
RQ1,uit-vsfc,uit-vsfc|xlmr|st_sentiment|sum,uit-vsfc|xlmr|mtl|sum,sentiment,3,"0.426, 0.653, 0.145","B better, B better, B better",,0/3 seeds p<0.05,-0.004257528315207093,-0.01608211885995007,0.008897863676837673,0.276
RQ1,uit-vsfc,uit-vsfc|xlmr|st_topic|sum,uit-vsfc|xlmr|mtl|sum,topic,3,"0.939, 0.143, 0.103","B better, A better, A better",,"0/3 seeds p<0.05, directions differ",-0.008270680793503349,-0.019092003765655046,0.0024189906556085342,0.063
RQ2,uit-vsfc,uit-vsfc|phobert|mtl|sum,uit-vsfc|phobert|mtl|unc,sentiment,3,"0.359, 0.0363, 0.69","A better, B better, A better",,"1/3 seeds p<0.05, directions differ",0.0020903864555254317,-0.004979302909885654,0.008768839395235652,0.718
RQ2,uit-vsfc,uit-vsfc|phobert|mtl|sum,uit-vsfc|phobert|mtl|unc,topic,3,"0.487, 0.203, 0.487","B better, B better, B better",,0/3 seeds p<0.05,0.004379237512181018,-0.0019543070076129573,0.010859181553003567,0.903
RQ2,uit-vsfc,uit-vsfc|phobert|mtl|sum,uit-vsfc|phobert|mtl|pcgrad,sentiment,3,"1, 0.0319, 0.497","A better, B better, A better",,"1/3 seeds p<0.05, directions differ",0.002669944610756166,-0.007954829603217306,0.013004415342613337,0.707
RQ2,uit-vsfc,uit-vsfc|phobert|mtl|sum,uit-vsfc|phobert|mtl|pcgrad,topic,3,"0.52, 0.000309, 0.83","B better, B better, A better",,"1/3 seeds p<0.05, directions differ",0.005500270507746337,-0.0017816743962563867,0.0128999858920297,0.927
RQ2,uit-vsfc,uit-vsfc|phobert|mtl|sum,uit-vsfc|phobert|mtl|smartemb,sentiment,3,"0.000584, 0.428, 0.798","A better, B better, A better",,"1/3 seeds p<0.05, directions differ",-0.006555922249626904,-0.01671420249101586,0.00309960633914676,0.085
RQ2,uit-vsfc,uit-vsfc|phobert|mtl|sum,uit-vsfc|phobert|mtl|smartemb,topic,3,"0.704, 0.0235, 0.744","B better, B better, B better",,1/3 seeds p<0.05,0.0032121831397817027,-0.0048255632608865985,0.011095823427514712,0.774
RQ2,uit-vsfc,uit-vsfc|phobert|mtl|sum,uit-vsfc|phobert|mtl|gradnorm,sentiment,3,"0.5, 0.000287, 0.125","B better, B better, A better",,"1/3 seeds p<0.05, directions differ",0.003085753537531969,-0.006436301265466956,0.012540022608766535,0.738
RQ2,uit-vsfc,uit-vsfc|phobert|mtl|sum,uit-vsfc|phobert|mtl|gradnorm,topic,3,"0.845, 0.362, 0.675","B better, B better, A better",,"0/3 seeds p<0.05, directions differ",0.003894341351864098,-0.0046856374587099505,0.012224458539891656,0.826
RQ2,uit-vsfc,uit-vsfc|phobert|mtl|sum,uit-vsfc|phobert|mtl|smartref,sentiment,3,"0.0581, 0.362, 0.175","A better, B better, A better",,"0/3 seeds p<0.05, directions differ",-0.005953042710364416,-0.017674375672442025,0.0057846252608549815,0.17
RQ2,uit-vsfc,uit-vsfc|phobert|mtl|sum,uit-vsfc|phobert|mtl|smartref,topic,3,"0.351, 0.356, 0.447","B better, B better, A better",,"0/3 seeds p<0.05, directions differ",0.0078050189998087145,-0.0024841722528798457,0.01769285911043122,0.937
RQ2,uit-vsfc,uit-vsfc|phobert|mtl|smartref,uit-vsfc|phobert|mtl|smartemb,sentiment,3,"0.182, 1, 0.336","A better, A better, B better",,"0/3 seeds p<0.05, directions differ",-0.0006028795392624872,-0.011307229938195258,0.010602842627948195,0.439
RQ2,uit-vsfc,uit-vsfc|phobert|mtl|smartref,uit-vsfc|phobert|mtl|smartemb,topic,3,"0.648, 0.0927, 0.272","A better, B better, B better",,"0/3 seeds p<0.05, directions differ",-0.004592835860027011,-0.014425115037453057,0.005260741438643193,0.174
RQ3,uit-vsfc,uit-vsfc|phobert|mtl|sum,uit-vsfc|phobert|mtl|sum-focal,sentiment,3,"0.0522, 1, 0.177","A better, equal, A better",,"0/3 seeds p<0.05, directions differ",-8.221908674740005e-06,-0.008192632513550364,0.00963093665915206,0.497
RQ3,uit-vsfc,uit-vsfc|phobert|mtl|sum,uit-vsfc|phobert|mtl|sum-focal,topic,3,"0.32, 0.539, 0.567","A better, B better, B better",,"0/3 seeds p<0.05, directions differ",0.0016781653043243343,-0.006327780215653908,0.00909919469797612,0.671
RQ3,uit-vsfc,uit-vsfc|phobert|mtl|sum,uit-vsfc|phobert|mtl|sum-wce,sentiment,3,"0.000846, 0.679, 0.000296","A better, B better, A better",,"2/3 seeds p<0.05, directions differ",-0.005734619204971092,-0.017172852813556863,0.007161844809871643,0.173
RQ3,uit-vsfc,uit-vsfc|phobert|mtl|sum,uit-vsfc|phobert|mtl|sum-wce,topic,3,"0.0865, 0.225, 0.0635","A better, B better, A better",,"0/3 seeds p<0.05, directions differ",0.005780821383923033,-0.0035555633176480154,0.01637853716140018,0.863
RQ3,uit-vsfc,uit-vsfc|phobert|st_sentiment|focal,uit-vsfc|phobert|mtl|sum-focal,sentiment,3,"0.35, 0.017, 0.47","A better, A better, A better",,1/3 seeds p<0.05,-0.008783734001980589,-0.018398707059317867,0.0011009144650239503,0.043
RQ3,uit-vsfc,uit-vsfc|phobert|st_topic|focal,uit-vsfc|phobert|mtl|sum-focal,topic,3,"0.0895, 0.591, 0.0927","A better, B better, B better",,"0/3 seeds p<0.05, directions differ",-0.00024044827655215575,-0.0103860270807346,0.010825733255263578,0.502
RQ4,uit-vsfc,uit-vsfc|phobert|mtl|sum,uit-vsfc|phobert|mtlaware|sum,sentiment,3,"0.111, 0.0725, 0.389","A better, B better, A better",,"0/3 seeds p<0.05, directions differ",-0.0020058055189723367,-0.011105416624579102,0.007144861058226408,0.351
RQ4,uit-vsfc,uit-vsfc|phobert|mtl|sum,uit-vsfc|phobert|mtlaware|sum,topic,3,"0.709, 0.00346, 0.0106","B better, B better, B better",,2/3 seeds p<0.05,0.00864284923937301,0.0007071209049934173,0.01687382530892655,0.983
RQ5,uit-vsfc,uit-vsfc|phobert|st_sentiment|sum-frac0.1,uit-vsfc|phobert|mtl|sum-frac0.1,sentiment,3,"0.00815, 0.000925, 0.135","A better, A better, A better",,2/3 seeds p<0.05,-0.0477838018542183,-0.06615332890902252,-0.027269643318783496,0.0
RQ5,uit-vsfc,uit-vsfc|phobert|st_sentiment|sum-frac0.1,uit-vsfc|phobert|mtlaware|sum-frac0.1,sentiment,3,"0.0323, 0.0893, 0.904","A better, A better, A better",,1/3 seeds p<0.05,-0.03209715589785226,-0.046147164344485146,-0.017430173803673562,0.0
RQ5,uit-vsfc,uit-vsfc|phobert|st_topic|sum-frac0.1,uit-vsfc|phobert|mtl|sum-frac0.1,topic,3,"0.326, 1, 0.372","B better, B better, B better",,0/3 seeds p<0.05,0.005163747550094966,-0.005908084822149212,0.015748451543576455,0.815
RQ5,uit-vsfc,uit-vsfc|phobert|st_topic|sum-frac0.1,uit-vsfc|phobert|mtlaware|sum-frac0.1,topic,3,"0.061, 0.276, 0.936","B better, A better, A better",,"0/3 seeds p<0.05, directions differ",-0.0017297614273657318,-0.012611641647720396,0.009684448316591755,0.399
RQ5,uit-vsfc,uit-vsfc|phobert|st_sentiment|sum-frac0.25,uit-vsfc|phobert|mtl|sum-frac0.25,sentiment,3,"0.195, 0.00433, 0.0544","A better, A better, A better",,1/3 seeds p<0.05,-0.040037534659534114,-0.0575458524036014,-0.024164341506379524,0.0
RQ5,uit-vsfc,uit-vsfc|phobert|st_sentiment|sum-frac0.25,uit-vsfc|phobert|mtlaware|sum-frac0.25,sentiment,3,"0.016, 1.47e-05, 0.51","A better, A better, A better",,2/3 seeds p<0.05,-0.03102968565683469,-0.04534102968931491,-0.017082891192640094,0.0
RQ5,uit-vsfc,uit-vsfc|phobert|st_topic|sum-frac0.25,uit-vsfc|phobert|mtl|sum-frac0.25,topic,3,"0.934, 0.184, 0.801","A better, B better, B better",,"0/3 seeds p<0.05, directions differ",-0.007766017931729374,-0.01931510134394081,0.0036722554283835727,0.088
RQ5,uit-vsfc,uit-vsfc|phobert|st_topic|sum-frac0.25,uit-vsfc|phobert|mtlaware|sum-frac0.25,topic,3,"0.871, 0.468, 0.797","A better, B better, A better",,"0/3 seeds p<0.05, directions differ",-0.005588161363688486,-0.014358874410648157,0.0034019720554995447,0.11
RQ5,uit-vsfc,uit-vsfc|phobert|st_sentiment|sum-frac0.5,uit-vsfc|phobert|mtl|sum-frac0.5,sentiment,3,"0.822, 0.228, 0.818","A better, B better, A better",,"0/3 seeds p<0.05, directions differ",-0.0038869429750510998,-0.017777133214993777,0.01124734180852984,0.293
RQ5,uit-vsfc,uit-vsfc|phobert|st_sentiment|sum-frac0.5,uit-vsfc|phobert|mtlaware|sum-frac0.5,sentiment,3,"0.586, 0.0748, 0.61","A better, B better, A better",,"0/3 seeds p<0.05, directions differ",0.0007430912698505043,-0.012546774928859368,0.01437035266336731,0.563
RQ5,uit-vsfc,uit-vsfc|phobert|st_topic|sum-frac0.5,uit-vsfc|phobert|mtl|sum-frac0.5,topic,3,"0.823, 0.103, 0.855","A better, B better, A better",,"0/3 seeds p<0.05, directions differ",-0.006877198958825177,-0.015906366835813323,0.004028925028416675,0.093
RQ5,uit-vsfc,uit-vsfc|phobert|st_topic|sum-frac0.5,uit-vsfc|phobert|mtlaware|sum-frac0.5,topic,3,"0.195, 0.875, 0.589","A better, B better, A better",,"0/3 seeds p<0.05, directions differ",-0.003624487562875552,-0.013209339833201281,0.006713618316924477,0.266
