check,passed,detail
rows neu-esc/train,True,"23,048 (expected 23,048)"
rows neu-esc/val,True,"3,305 (expected 3,305)"
rows neu-esc/test,True,"6,613 (expected 6,613)"
rows uit-vsfc/train,True,"11,426 (expected 11,426)"
rows uit-vsfc/val,True,"1,583 (expected 1,583)"
rows uit-vsfc/test,True,"3,166 (expected 3,166)"
uit-vsfc/train raw files have equal line counts,True,"{'sents': 11426, 'sentiments': 11426, 'topics': 11426}"
uit-vsfc/dev raw files have equal line counts,True,"{'sents': 1583, 'sentiments': 1583, 'topics': 1583}"
uit-vsfc/test raw files have equal line counts,True,"{'sents': 3166, 'sentiments': 3166, 'topics': 3166}"
neu-esc/train_set.csv labels are whole numbers,True,"23,048 raw rows"
neu-esc/val_set.csv labels are whole numbers,True,"3,305 raw rows"
neu-esc/test_set.csv labels are whole numbers,True,"6,613 raw rows"
neu-esc sentiment ids in 0..3,True,"min 0, max 3"
neu-esc sentiment: every class in train,True,all 4 classes
neu-esc topic ids in 0..9,True,"min 0, max 9"
neu-esc topic: every class in train,True,all 10 classes
neu-esc: no empty or whitespace-only texts,True,0 empty
uit-vsfc sentiment ids in 0..2,True,"min 0, max 2"
uit-vsfc sentiment: every class in train,True,all 3 classes
uit-vsfc topic ids in 0..3,True,"min 0, max 3"
uit-vsfc topic: every class in train,True,all 4 classes
uit-vsfc: no empty or whitespace-only texts,True,0 empty
