dataset,tokenizer,max_length,gpu,start_batch,grad_accum,effective_batch,precision
neu-esc,vinai/phobert-base-v2,80,RTX 5050 Laptop 8 GB (local),8,4,32,fp16
neu-esc,vinai/phobert-base-v2,80,T4 16 GB (Kaggle),16,2,32,fp16
neu-esc,xlm-roberta-base,96,RTX 5050 Laptop 8 GB (local),8,4,32,fp16
neu-esc,xlm-roberta-base,96,T4 16 GB (Kaggle),16,2,32,fp16
neu-esc,bert-base-multilingual-cased,112,RTX 5050 Laptop 8 GB (local),8,4,32,fp16
neu-esc,bert-base-multilingual-cased,112,T4 16 GB (Kaggle),16,2,32,fp16
uit-vsfc,vinai/phobert-base-v2,32,RTX 5050 Laptop 8 GB (local),16,2,32,fp16
uit-vsfc,vinai/phobert-base-v2,32,T4 16 GB (Kaggle),32,1,32,fp16
uit-vsfc,xlm-roberta-base,48,RTX 5050 Laptop 8 GB (local),16,2,32,fp16
uit-vsfc,xlm-roberta-base,48,T4 16 GB (Kaggle),32,1,32,fp16
uit-vsfc,bert-base-multilingual-cased,48,RTX 5050 Laptop 8 GB (local),16,2,32,fp16
uit-vsfc,bert-base-multilingual-cased,48,T4 16 GB (Kaggle),32,1,32,fp16
