dataset,task,label_id,label,train,val,test
neu-esc,sentiment,0,neutral?,69.14265879902811,68.95612708018155,68.92484500226826
neu-esc,sentiment,1,positive?,12.569420340159667,12.617246596066567,12.611522758203538
neu-esc,sentiment,2,negative?,15.7497396737244,15.854765506807867,15.817329502495085
neu-esc,sentiment,3,toxic?,2.5381811870878166,2.571860816944024,2.6463027370331167
neu-esc,topic,0,t0,1.2191947240541479,1.2102874432677762,1.2702253137758959
neu-esc,topic,1,t1,2.7247483512669213,2.7534039334341904,2.7672765764403446
neu-esc,topic,2,t2,31.911662617146824,31.860816944024204,31.816119764101014
neu-esc,topic,3,t3,43.72613675807011,43.63086232980333,43.58082564645395
neu-esc,topic,4,t4,7.145956265185699,7.170953101361573,7.16769998487827
neu-esc,topic,5,t5,2.447066990628254,2.4508320726172466,2.464841977922274
neu-esc,topic,6,t6,4.477611940298507,4.478063540090772,4.50627551791925
neu-esc,topic,7,t7,2.3255813953488373,2.3600605143721634,2.343868138515046
neu-esc,topic,8,t8,2.017528635890316,2.0574886535552195,2.0716769998487825
neu-esc,topic,9,t9,2.0045123221103784,2.027231467473525,2.0111900801451688
uit-vsfc,sentiment,0,negative,46.60423595308944,44.535691724573596,44.50410612760581
uit-vsfc,sentiment,1,neutral,4.008401890425346,4.611497157296273,5.274794693619709
uit-vsfc,sentiment,2,positive,49.38736215648521,50.852811118130134,50.22109917877448
uit-vsfc,topic,0,lecturer,71.46858043059689,72.71004421983575,72.33101705622236
uit-vsfc,topic,1,training_program,19.263084193943637,16.866708780795957,18.066961465571698
uit-vsfc,topic,2,facility,4.349728688955015,4.421983575489577,4.57991156032849
uit-vsfc,topic,3,others,4.9186066865044635,6.0012634238787115,5.022109917877448
