word,symbol,count,texts,pct_texts_negative,pct_texts_neutral,pct_texts_positive
doubledot,:,85,84,1.352112676056338,1.5283842794759825,0.0886053517632465
colonsmile,:),27,27,0.15023474178403756,0.21834061135371177,0.3189792663476874
fraction,/,19,18,0.15023474178403756,1.3100436681222707,0.0708842814105972
colonsmilesmile,:d,12,12,0.07511737089201878,0.21834061135371177,0.12404749246854509
colonsad,:(,11,11,0.20657276995305163,0.0,0.0
coloncontemn,:3,9,9,0.03755868544600939,0.43668122270742354,0.0886053517632465
vdotv,v.v,8,8,0.13145539906103285,0.0,0.0177210703526493
colonlove,<3,7,7,0.0,0.0,0.12404749246854509
colonbigsmile,:v,5,5,0.056338028169014086,0.0,0.0354421407052986
dotdotdot,...,5,5,0.07511737089201878,0.0,0.0177210703526493
colonsmallsmile,:p,4,4,0.056338028169014086,0.21834061135371177,0.0
colonhihi,^^,3,3,0.0,0.0,0.053163211057947905
colondoublesurprise,:@,3,3,0.03755868544600939,0.21834061135371177,0.0
colonsadcolon,:'( / :’(,2,2,0.03755868544600939,0.0,0.0
coloncolon,>>,1,1,0.018779342723004695,0.0,0.0
colonsurprise,@@,1,1,0.018779342723004695,0.0,0.0
