dataset,tokenizer,task,label,n_train,max_length,trunc%
neu-esc,vinai/phobert-base-v2,sentiment,neutral?,15936,80,3.7336847389558234
neu-esc,vinai/phobert-base-v2,sentiment,positive?,2897,80,5.039696237487055
neu-esc,vinai/phobert-base-v2,sentiment,negative?,3630,80,8.044077134986226
neu-esc,vinai/phobert-base-v2,sentiment,toxic?,585,80,4.102564102564102
neu-esc,vinai/phobert-base-v2,topic,t0,281,80,4.6263345195729535
neu-esc,vinai/phobert-base-v2,topic,t1,628,80,14.171974522292993
neu-esc,vinai/phobert-base-v2,topic,t2,7355,80,5.656016315431679
neu-esc,vinai/phobert-base-v2,topic,t3,10078,80,0.27783290335384003
neu-esc,vinai/phobert-base-v2,topic,t4,1647,80,5.0394656952034005
neu-esc,vinai/phobert-base-v2,topic,t5,564,80,17.907801418439718
neu-esc,vinai/phobert-base-v2,topic,t6,1032,80,8.13953488372093
neu-esc,vinai/phobert-base-v2,topic,t7,536,80,21.082089552238806
neu-esc,vinai/phobert-base-v2,topic,t8,465,80,6.021505376344086
neu-esc,vinai/phobert-base-v2,topic,t9,462,80,22.07792207792208
neu-esc,xlm-roberta-base,sentiment,neutral?,15936,96,3.890562248995984
neu-esc,xlm-roberta-base,sentiment,positive?,2897,96,5.177770107007249
neu-esc,xlm-roberta-base,sentiment,negative?,3630,96,8.37465564738292
neu-esc,xlm-roberta-base,sentiment,toxic?,585,96,4.102564102564102
neu-esc,xlm-roberta-base,topic,t0,281,96,4.6263345195729535
neu-esc,xlm-roberta-base,topic,t1,628,96,14.012738853503185
neu-esc,xlm-roberta-base,topic,t2,7355,96,5.9007477906186265
neu-esc,xlm-roberta-base,topic,t3,10078,96,0.2579876959714229
neu-esc,xlm-roberta-base,topic,t4,1647,96,5.585913782635094
neu-esc,xlm-roberta-base,topic,t5,564,96,18.439716312056735
neu-esc,xlm-roberta-base,topic,t6,1032,96,8.430232558139535
neu-esc,xlm-roberta-base,topic,t7,536,96,23.32089552238806
neu-esc,xlm-roberta-base,topic,t8,465,96,6.021505376344086
neu-esc,xlm-roberta-base,topic,t9,462,96,21.861471861471863
neu-esc,bert-base-multilingual-cased,sentiment,neutral?,15936,112,3.1563755020080317
neu-esc,bert-base-multilingual-cased,sentiment,positive?,2897,112,4.3838453572661376
neu-esc,bert-base-multilingual-cased,sentiment,negative?,3630,112,7.21763085399449
neu-esc,bert-base-multilingual-cased,sentiment,toxic?,585,112,3.5897435897435894
neu-esc,bert-base-multilingual-cased,topic,t0,281,112,3.558718861209965
neu-esc,bert-base-multilingual-cased,topic,t1,628,112,12.420382165605096
neu-esc,bert-base-multilingual-cased,topic,t2,7355,112,4.636301835486064
neu-esc,bert-base-multilingual-cased,topic,t3,10078,112,0.23814248858900575
neu-esc,bert-base-multilingual-cased,topic,t4,1647,112,4.857316332726168
neu-esc,bert-base-multilingual-cased,topic,t5,564,112,15.780141843971633
neu-esc,bert-base-multilingual-cased,topic,t6,1032,112,7.170542635658915
neu-esc,bert-base-multilingual-cased,topic,t7,536,112,19.21641791044776
neu-esc,bert-base-multilingual-cased,topic,t8,465,112,5.161290322580645
neu-esc,bert-base-multilingual-cased,topic,t9,462,112,19.480519480519483
uit-vsfc,vinai/phobert-base-v2,sentiment,negative,5325,32,7.267605633802816
uit-vsfc,vinai/phobert-base-v2,sentiment,neutral,458,32,1.7467248908296942
uit-vsfc,vinai/phobert-base-v2,sentiment,positive,5643,32,1.0278220804536595
uit-vsfc,vinai/phobert-base-v2,topic,lecturer,8166,32,3.0369826108253735
uit-vsfc,vinai/phobert-base-v2,topic,training_program,2201,32,6.724216265333939
uit-vsfc,vinai/phobert-base-v2,topic,facility,497,32,8.048289738430583
uit-vsfc,vinai/phobert-base-v2,topic,others,562,32,3.0249110320284696
uit-vsfc,xlm-roberta-base,sentiment,negative,5325,48,4.131455399061033
uit-vsfc,xlm-roberta-base,sentiment,neutral,458,48,1.7467248908296942
uit-vsfc,xlm-roberta-base,sentiment,positive,5643,48,0.6911217437533227
uit-vsfc,xlm-roberta-base,topic,lecturer,8166,48,1.7389174626500123
uit-vsfc,xlm-roberta-base,topic,training_program,2201,48,4.270786006360745
uit-vsfc,xlm-roberta-base,topic,facility,497,48,4.225352112676056
uit-vsfc,xlm-roberta-base,topic,others,562,48,1.7793594306049825
uit-vsfc,bert-base-multilingual-cased,sentiment,negative,5325,48,3.868544600938967
uit-vsfc,bert-base-multilingual-cased,sentiment,neutral,458,48,1.7467248908296942
uit-vsfc,bert-base-multilingual-cased,sentiment,positive,5643,48,0.5670742512847776
uit-vsfc,bert-base-multilingual-cased,topic,lecturer,8166,48,1.591966691158462
uit-vsfc,bert-base-multilingual-cased,topic,training_program,2201,48,3.9527487505679235
uit-vsfc,bert-base-multilingual-cased,topic,facility,497,48,3.8229376257545273
uit-vsfc,bert-base-multilingual-cased,topic,others,562,48,1.7793594306049825
