dataset,task,label,rank,word,z,count_in_class
neu-esc,sentiment,neutral?,1,ạ,23.557875853510343,3921
neu-esc,sentiment,neutral?,2,học,18.440833644422558,7415
neu-esc,sentiment,neutral?,3,ngành,15.375499697211048,1431
neu-esc,sentiment,neutral?,4,kinh,14.349778466738632,1527
neu-esc,sentiment,neutral?,5,tuyển,14.144559405612359,812
neu-esc,sentiment,neutral?,6,toán,13.363403630930556,709
neu-esc,sentiment,neutral?,7,ký,12.626725880997213,785
neu-esc,sentiment,neutral?,8,môn,12.568699106335796,1208
neu-esc,sentiment,neutral?,9,tế,12.562239701085199,1301
neu-esc,sentiment,neutral?,10,đăng,12.492700525310736,1364
neu-esc,sentiment,neutral?,11,thi,11.754544932988022,1469
neu-esc,sentiment,neutral?,12,xét,11.719383239841466,656
neu-esc,sentiment,neutral?,13,pass,11.002373140255003,436
neu-esc,sentiment,neutral?,14,inbox,10.056510906936982,366
neu-esc,sentiment,neutral?,15,luật,9.816446025254207,451
neu-esc,sentiment,positive?,1,chúc,29.07003287535398,355
neu-esc,sentiment,positive?,2,đẹp,22.40352033897826,228
neu-esc,sentiment,positive?,3,mừng,22.349376579049594,258
neu-esc,sentiment,positive?,4,yêu,22.032130156951887,422
neu-esc,sentiment,positive?,5,vui,20.04179283430326,199
neu-esc,sentiment,positive?,6,xinh,15.178697862602542,97
neu-esc,sentiment,positive?,7,ngon,13.795120206170175,95
neu-esc,sentiment,positive?,8,thầy,13.699513755874511,299
neu-esc,sentiment,positive?,9,mê,13.426650174183507,98
neu-esc,sentiment,positive?,10,tuyệt,13.360437362843616,82
neu-esc,sentiment,positive?,11,neu,12.606535581771668,203
neu-esc,sentiment,positive?,12,giỏi,12.423022353394726,127
neu-esc,sentiment,positive?,13,ynm,12.401589322660161,69
neu-esc,sentiment,positive?,14,siêu,12.288184765856556,83
neu-esc,sentiment,positive?,15,thành,12.07449022521071,282
neu-esc,sentiment,negative?,1,sợ,18.378323866869405,311
neu-esc,sentiment,negative?,2,buồn,15.035385949872191,170
neu-esc,sentiment,negative?,3,lỗi,14.670867092700385,169
neu-esc,sentiment,negative?,4,sai,14.219165544618756,177
neu-esc,sentiment,negative?,5,bị,13.976970615438649,383
neu-esc,sentiment,negative?,6,chửi,13.810145888250574,133
neu-esc,sentiment,negative?,7,vãi,13.133627655414605,165
neu-esc,sentiment,negative?,8,không,12.168629607287743,2584
neu-esc,sentiment,negative?,9,xấu,12.024449648652707,106
neu-esc,sentiment,negative?,10,khóc,11.609844580615167,95
neu-esc,sentiment,negative?,11,nói,11.500274592219625,397
neu-esc,sentiment,negative?,12,mà,11.126351720611993,931
neu-esc,sentiment,negative?,13,chán,11.12281614221168,91
neu-esc,sentiment,negative?,14,trượt,11.098588541757637,112
neu-esc,sentiment,negative?,15,khổ,10.971135015963702,92
neu-esc,sentiment,toxic?,1,mẹ,37.901042865913354,245
neu-esc,sentiment,toxic?,2,mày,26.071831357201656,107
neu-esc,sentiment,toxic?,3,đéo,23.0970896242722,103
neu-esc,sentiment,toxic?,4,con,22.371798102749448,140
neu-esc,sentiment,toxic?,5,thằng,18.612991524619343,70
neu-esc,sentiment,toxic?,6,địt,17.153134181685616,176
neu-esc,sentiment,toxic?,7,tao,15.244572816671004,40
neu-esc,sentiment,toxic?,8,chó,14.912610057226283,34
neu-esc,sentiment,toxic?,9,ngu,14.293803417112516,39
neu-esc,sentiment,toxic?,10,vãi,12.646398596338699,48
neu-esc,sentiment,toxic?,11,nó,12.21667523529683,75
neu-esc,sentiment,toxic?,12,lồn,11.773634493622998,75
neu-esc,sentiment,toxic?,13,dựa,11.759919242781256,28
neu-esc,sentiment,toxic?,14,nạn,11.069486109603057,28
neu-esc,sentiment,toxic?,15,cái,10.935669974477921,97
neu-esc,topic,t0,1,inbox,39.85210214704507,161
neu-esc,topic,t0,2,mos,17.430275716717084,33
neu-esc,topic,t0,3,like,13.307348697025464,18
neu-esc,topic,t0,4,check,13.247111408643642,27
neu-esc,topic,t0,5,ghép,11.992152846445176,22
neu-esc,topic,t0,6,đãi,11.557656578341254,14
neu-esc,topic,t0,7,bơ,10.000150690107532,11
neu-esc,topic,t0,8,facebook,9.983726184942977,17
neu-esc,topic,t0,9,giá,9.941268757832304,34
neu-esc,topic,t0,10,nhu,9.44724456429556,17
neu-esc,topic,t0,11,gaming,9.364137227095226,10
neu-esc,topic,t0,12,nhé,9.302389352845502,54
neu-esc,topic,t0,13,chấm,9.295745538196257,15
neu-esc,topic,t0,14,khóa,8.854153604288147,33
neu-esc,topic,t0,15,quảng,8.700244551051364,10
neu-esc,topic,t1,1,tuyển,27.899174164934085,305
neu-esc,topic,t1,2,xét,26.021242431402715,260
neu-esc,topic,t1,3,báo,23.6015875921226,260
neu-esc,topic,t1,4,thông,20.770052647609027,291
neu-esc,topic,t1,5,đại,19.919643057814092,328
neu-esc,topic,t1,6,quốc,17.556647676494592,195
neu-esc,topic,t1,7,and,17.093447668186926,91
neu-esc,topic,t1,8,kết,16.890907942122844,162
neu-esc,topic,t1,9,trúng,16.31022224049326,78
neu-esc,topic,t1,10,of,15.9171058224872,78
neu-esc,topic,t1,11,thí,15.52168487270048,69
neu-esc,topic,t1,12,2023,15.050661601615104,87
neu-esc,topic,t1,13,the,13.435037241986816,86
neu-esc,topic,t1,14,tạp,12.775253861130707,83
neu-esc,topic,t1,15,sinh,12.746870189949854,332
neu-esc,topic,t2,1,học,61.89578610488838,7083
neu-esc,topic,t2,2,môn,30.760857499269672,1274
neu-esc,topic,t2,3,ngành,29.347570455166945,1323
neu-esc,topic,t2,4,thi,24.33900705026708,1270
neu-esc,topic,t2,5,thầy,22.717936617134043,854
neu-esc,topic,t2,6,ạ,21.972373613652586,2602
neu-esc,topic,t2,7,toán,21.96599955886482,660
neu-esc,topic,t2,8,lớp,21.158463995867233,741
neu-esc,topic,t2,9,giáo,19.423687645149748,726
neu-esc,topic,t2,10,kì,18.014665975762828,529
neu-esc,topic,t2,11,pass,16.935946915414636,386
neu-esc,topic,t2,12,luật,15.745822135402028,394
neu-esc,topic,t2,13,trình,14.808778789021051,756
neu-esc,topic,t2,14,pháp,14.645507786102293,354
neu-esc,topic,t2,15,dạy,14.623999290607426,334
neu-esc,topic,t3,1,.,54.560113972213635,11452
neu-esc,topic,t3,2,đi,33.09684566794623,1887
neu-esc,topic,t3,3,trai,18.601590431534657,278
neu-esc,topic,t3,4,đấy,17.242266661340597,409
neu-esc,topic,t3,5,mà,17.171369280163553,1020
neu-esc,topic,t3,6,à,16.923997013137228,294
neu-esc,topic,t3,7,thôi,15.976638939203706,637
neu-esc,topic,t3,8,ăn,15.886620662848754,278
neu-esc,topic,t3,9,quá,15.207394212525292,416
neu-esc,topic,t3,10,vãi,15.077433290993373,177
neu-esc,topic,t3,11,kìa,14.721918414463563,153
neu-esc,topic,t3,12,cậu,14.704034012309839,202
neu-esc,topic,t3,13,yêu,14.026626739605733,453
neu-esc,topic,t3,14,ngủ,13.696676961189285,158
neu-esc,topic,t3,15,nè,13.565520906644098,204
neu-esc,topic,t4,1,phòng,34.716098836340464,441
neu-esc,topic,t4,2,xe,33.65093529987867,417
neu-esc,topic,t4,3,xá,23.034027302086322,177
neu-esc,topic,t4,4,túc,22.731262815939868,177
neu-esc,topic,t4,5,kí,21.067499829269256,225
neu-esc,topic,t4,6,máy,20.132021619267288,162
neu-esc,topic,t4,7,cổng,17.447037664938872,103
neu-esc,topic,t4,8,chỗ,17.106921072006152,150
neu-esc,topic,t4,9,thang,16.777484095763636,94
neu-esc,topic,t4,10,tầng,16.315783747688016,91
neu-esc,topic,t4,11,gửi,15.678779999177307,155
neu-esc,topic,t4,12,trọ,15.248454337170626,82
neu-esc,topic,t4,13,canteen,14.285285561897513,67
neu-esc,topic,t4,14,trường,13.784576565081016,620
neu-esc,topic,t4,15,đồ,13.728577345050422,111
neu-esc,topic,t5,1,lương,31.892017410020383,241
neu-esc,topic,t5,2,việc,24.296649353529332,255
neu-esc,topic,t5,3,công,23.15275500498723,363
neu-esc,topic,t5,4,ca,23.060292503970846,134
neu-esc,topic,t5,5,nghề,20.616372408028266,167
neu-esc,topic,t5,6,tuyển,19.24738956799992,197
neu-esc,topic,t5,7,hàng,18.47999253619178,147
neu-esc,topic,t5,8,nghiệp,15.83206924855888,186
neu-esc,topic,t5,9,time,15.537753790673092,59
neu-esc,topic,t5,10,thực,15.251876665247844,139
neu-esc,topic,t5,11,nghiệm,15.217012116323822,132
neu-esc,topic,t5,12,năng,15.043044821682685,143
neu-esc,topic,t5,13,ty,14.98690298570655,58
neu-esc,topic,t5,14,xoay,14.19052852053438,50
neu-esc,topic,t5,15,ngân,14.145007967981186,73
neu-esc,topic,t6,1,chúc,28.67354899387131,225
neu-esc,topic,t6,2,mừng,26.757240944338545,180
neu-esc,topic,t6,3,con,20.416133549523718,201
neu-esc,topic,t6,4,yêu,18.482311497483888,240
neu-esc,topic,t6,5,mẹ,17.610520123601532,165
neu-esc,topic,t6,6,gái,17.263145201828415,111
neu-esc,topic,t6,7,vợ,16.92260426809434,93
neu-esc,topic,t6,8,đình,16.776209568090167,109
neu-esc,topic,t6,9,thằng,16.042800849900736,90
neu-esc,topic,t6,10,mày,14.38500242409869,65
neu-esc,topic,t6,11,cháu,13.378412787804981,73
neu-esc,topic,t6,12,trai,11.990678431221722,95
neu-esc,topic,t6,13,bạn,11.463516622069998,415
neu-esc,topic,t6,14,mình,11.029948182713332,444
neu-esc,topic,t6,15,gia,10.604087489175768,144
neu-esc,topic,t7,1,việt,23.39199662240295,216
neu-esc,topic,t7,2,nam,22.335471623580485,224
neu-esc,topic,t7,3,dân,13.957537947481141,123
neu-esc,topic,t7,4,đất,13.347330563757694,54
neu-esc,topic,t7,5,triển,12.548083345012595,76
neu-esc,topic,t7,6,quyền,10.781479008706542,56
neu-esc,topic,t7,7,sống,10.39032625863429,80
neu-esc,topic,t7,8,bắc,10.267859100512862,34
neu-esc,topic,t7,9,ủy,9.989584196980994,26
neu-esc,topic,t7,10,hiến,9.979158781026072,30
neu-esc,topic,t7,11,nước,9.717679845089739,85
neu-esc,topic,t7,12,xã,9.714904050013745,58
neu-esc,topic,t7,13,bọn,9.709070788212088,56
neu-esc,topic,t7,14,máu,9.60826321357855,33
neu-esc,topic,t7,15,nạn,9.421987816286476,37
neu-esc,topic,t8,1,giúp,21.569284196186242,120
neu-esc,topic,t8,2,nhặt,20.972550537112994,74
neu-esc,topic,t8,3,rơi,15.775569381061224,50
neu-esc,topic,t8,4,ơn,15.341162645565788,99
neu-esc,topic,t8,5,thẻ,13.55512117137877,41
neu-esc,topic,t8,6,ạ,13.169419132578769,307
neu-esc,topic,t8,7,chìa,12.949576115044865,29
neu-esc,topic,t8,8,mình,12.371444829071327,280
neu-esc,topic,t8,9,quên,10.981629570277944,37
neu-esc,topic,t8,10,thoát,10.848057261204753,23
neu-esc,topic,t8,11,cháy,10.668955592657035,28
neu-esc,topic,t8,12,xe,10.283298194462326,81
neu-esc,topic,t8,13,chiếc,10.278128964102354,21
neu-esc,topic,t8,14,túi,9.776069595185218,19
neu-esc,topic,t8,15,cám,9.67557379281748,19
neu-esc,topic,t9,1,lạc,32.59075692348285,249
neu-esc,topic,t9,2,câu,26.748648194080737,270
neu-esc,topic,t9,3,bộ,26.59031314640645,262
neu-esc,topic,t9,4,neu,25.336074234460074,221
neu-esc,topic,t9,5,ban,22.379070689036183,138
neu-esc,topic,t9,6,tổ,21.33142648917495,130
neu-esc,topic,t9,7,tham,19.918682916111166,169
neu-esc,topic,t9,8,2023,18.50158686398721,98
neu-esc,topic,t9,9,fanpage,17.98647313634793,77
neu-esc,topic,t9,10,ynm,17.88376993180441,100
neu-esc,topic,t9,11,đoàn,17.763841590460256,91
neu-esc,topic,t9,12,kiện,17.402629262877763,101
neu-esc,topic,t9,13,youth,17.208078302911964,100
neu-esc,topic,t9,14,email,16.759622726883702,72
neu-esc,topic,t9,15,chức,16.576926730040938,105
uit-vsfc,sentiment,negative,1,không,24.838024050932145,1814
uit-vsfc,sentiment,negative,2,nên,20.35150772838375,1023
uit-vsfc,sentiment,negative,3,hơn,18.141370432434396,876
uit-vsfc,sentiment,negative,4,cần,17.617084876482068,756
uit-vsfc,sentiment,negative,5,khó,16.394524975112205,653
uit-vsfc,sentiment,negative,6,hành,15.339333564892549,734
uit-vsfc,sentiment,negative,7,chưa,15.1913585938516,564
uit-vsfc,sentiment,negative,8,quá,14.493859094527055,626
uit-vsfc,sentiment,negative,9,môn,12.450859164301477,827
uit-vsfc,sentiment,negative,10,hơi,12.394621979075913,382
uit-vsfc,sentiment,negative,11,thì,11.899976205348407,352
uit-vsfc,sentiment,negative,12,để,11.673842848207268,624
uit-vsfc,sentiment,negative,13,được,11.13176640841564,744
uit-vsfc,sentiment,negative,14,bị,11.037185431027778,316
uit-vsfc,sentiment,negative,15,phòng,10.974831646836535,333
uit-vsfc,sentiment,neutral,1,em,11.02038970297823,92
uit-vsfc,sentiment,neutral,2,ơn,10.86361898842068,23
uit-vsfc,sentiment,neutral,3,ý,8.974428000320579,32
uit-vsfc,sentiment,neutral,4,gì,7.092629640954702,29
uit-vsfc,sentiment,neutral,5,.,6.933728513228563,421
uit-vsfc,sentiment,neutral,6,cám,6.797335614305168,8
uit-vsfc,sentiment,neutral,7,không,6.774929290584066,116
uit-vsfc,sentiment,neutral,8,ạ,6.703218479624829,17
uit-vsfc,sentiment,neutral,9,!,6.2225216324934305,34
uit-vsfc,sentiment,neutral,10,có,5.657622014434134,101
uit-vsfc,sentiment,neutral,11,xin,5.475613857124527,9
uit-vsfc,sentiment,neutral,12,fraction,5.340540294726723,6
uit-vsfc,sentiment,neutral,13,điểm,5.280751251216677,27
uit-vsfc,sentiment,neutral,14,tôi,5.162032974712912,8
uit-vsfc,sentiment,neutral,15,này,4.96936654793931,28
uit-vsfc,sentiment,positive,1,tình,35.25545553274372,2135
uit-vsfc,sentiment,positive,2,nhiệt,31.611307932166067,1843
uit-vsfc,sentiment,positive,3,rất,31.194406822015242,1607
uit-vsfc,sentiment,positive,4,",",29.671548842973895,4092
uit-vsfc,sentiment,positive,5,dễ,28.605113017876743,1271
uit-vsfc,sentiment,positive,6,dạy,27.735402203492548,2135
uit-vsfc,sentiment,positive,7,tâm,24.683861429388976,950
uit-vsfc,sentiment,positive,8,tận,22.973172916500193,942
uit-vsfc,sentiment,positive,9,giảng,21.268175334118624,2219
uit-vsfc,sentiment,positive,10,hiểu,19.098681143408164,1141
uit-vsfc,sentiment,positive,11,thầy,18.66352868103783,1831
uit-vsfc,sentiment,positive,12,hay,17.32469133898066,674
uit-vsfc,sentiment,positive,13,vui,17.034712351961286,643
uit-vsfc,sentiment,positive,14,cô,16.699428721198398,809
uit-vsfc,sentiment,positive,15,.,15.699453433068953,5443
uit-vsfc,topic,lecturer,1,thầy,26.690419598222338,2968
uit-vsfc,topic,lecturer,2,giảng,26.659002445295357,3366
uit-vsfc,topic,lecturer,3,dạy,26.023705685004135,2931
uit-vsfc,topic,lecturer,4,tình,22.042071664699694,2215
uit-vsfc,topic,lecturer,5,viên,21.848162837969287,4014
uit-vsfc,topic,lecturer,6,nhiệt,19.783980069896057,1898
uit-vsfc,topic,lecturer,7,",",17.68786255853717,5361
uit-vsfc,topic,lecturer,8,rất,17.408387049256817,1727
uit-vsfc,topic,lecturer,9,dễ,16.91347814083979,1318
uit-vsfc,topic,lecturer,10,cô,16.21710851320911,1127
uit-vsfc,topic,lecturer,11,tâm,15.62968627863986,1040
uit-vsfc,topic,lecturer,12,hiểu,14.999788411043923,1492
uit-vsfc,topic,lecturer,13,tận,13.617767086014366,982
uit-vsfc,topic,lecturer,14,vui,12.216335291999265,636
uit-vsfc,topic,lecturer,15,hay,11.648942293711643,814
uit-vsfc,topic,training_program,1,môn,22.68146064394816,598
uit-vsfc,topic,training_program,2,thực,18.074308681059808,623
uit-vsfc,topic,training_program,3,học,17.65347307751587,1073
uit-vsfc,topic,training_program,4,hành,17.269528529874705,432
uit-vsfc,topic,training_program,5,cần,15.91599052111649,392
uit-vsfc,topic,training_program,6,nên,13.965583166550072,447
uit-vsfc,topic,training_program,7,lý,13.019100816531079,271
uit-vsfc,topic,training_program,8,thuyết,12.753029231963684,219
uit-vsfc,topic,training_program,9,thi,12.651750919786473,169
uit-vsfc,topic,training_program,10,dung,11.924505707527377,196
uit-vsfc,topic,training_program,11,này,11.886776938439533,188
uit-vsfc,topic,training_program,12,nội,11.882310844356166,189
uit-vsfc,topic,training_program,13,phần,11.339557032201528,181
uit-vsfc,topic,training_program,14,thời,10.94934424958776,218
uit-vsfc,topic,training_program,15,tăng,10.945688120759385,94
uit-vsfc,topic,facility,1,phòng,30.319450530911727,299
uit-vsfc,topic,facility,2,máy,29.408102228292822,232
uit-vsfc,topic,facility,3,bị,29.044834078547098,198
uit-vsfc,topic,facility,4,thiết,22.74580540885804,126
uit-vsfc,topic,facility,5,chất,19.129659353856066,92
uit-vsfc,topic,facility,6,chiếu,17.806373313821005,85
uit-vsfc,topic,facility,7,trang,17.68365326960284,82
uit-vsfc,topic,facility,8,nâng,17.208968971056464,72
uit-vsfc,topic,facility,9,hành,15.548375221606037,158
uit-vsfc,topic,facility,10,lượng,14.335120960762497,73
uit-vsfc,topic,facility,11,nóng,12.022026262138013,37
uit-vsfc,topic,facility,12,lab,11.49680229282476,31
uit-vsfc,topic,facility,13,sở,11.49378003175514,31
uit-vsfc,topic,facility,14,cải,10.851203747433512,31
uit-vsfc,topic,facility,15,trường,10.82540232271657,51
uit-vsfc,topic,others,1,em,15.441058210718671,137
uit-vsfc,topic,others,2,ơn,9.32217936565314,21
uit-vsfc,topic,others,3,gì,9.196364633557607,41
uit-vsfc,topic,others,4,lòng,9.181640845538533,28
uit-vsfc,topic,others,5,ý,8.979695265221967,36
uit-vsfc,topic,others,6,không,8.581742756474013,155
uit-vsfc,topic,others,7,hài,8.19917708302042,29
uit-vsfc,topic,others,8,!,7.989815237865632,47
uit-vsfc,topic,others,9,này,7.674715830643516,44
uit-vsfc,topic,others,10,xin,6.994350261849048,13
uit-vsfc,topic,others,11,.,6.680591474516067,511
uit-vsfc,topic,others,12,cám,6.374897717939567,8
uit-vsfc,topic,others,13,ạ,6.286532167796034,18
uit-vsfc,topic,others,14,hi,5.539498033694503,8
uit-vsfc,topic,others,15,sự,5.32575087475284,30
